[08-Apr-2026 04:41:33 Europe/Berlin] Webhook transaction failed: Unknown column 'user_id' in 'field list'
[08-Apr-2026 04:56:55 Europe/Berlin] No cart items found for user_id: 13
[08-Apr-2026 05:08:06 Europe/Berlin] PHP Fatal error:  Uncaught Error: Call to undefined function wlog() in C:\xampp\htdocs\WST\Main\api\webhook.php:23
Stack trace:
#0 {main}
  thrown in C:\xampp\htdocs\WST\Main\api\webhook.php on line 23
[08-Apr-2026 05:08:22 Europe/Berlin] PHP Fatal error:  Uncaught Error: Call to undefined function wlog() in C:\xampp\htdocs\WST\Main\api\webhook.php:23
Stack trace:
#0 {main}
  thrown in C:\xampp\htdocs\WST\Main\api\webhook.php on line 23
[08-Apr-2026 05:09:24 Europe/Berlin] PHP Fatal error:  Uncaught Error: Call to undefined function wlog() in C:\xampp\htdocs\WST\Main\api\webhook.php:23
Stack trace:
#0 {main}
  thrown in C:\xampp\htdocs\WST\Main\api\webhook.php on line 23
[08-Apr-2026 05:09:57 Europe/Berlin] PHP Fatal error:  Uncaught Error: Call to undefined function wlog() in C:\xampp\htdocs\WST\Main\api\webhook.php:23
Stack trace:
#0 {main}
  thrown in C:\xampp\htdocs\WST\Main\api\webhook.php on line 23
[08-Apr-2026 05:18:37 Europe/Berlin] PHP Warning:  Undefined array key 1 in C:\xampp\htdocs\WST\Main\api\webhook.php on line 25
[08-Apr-2026 05:20:30 Europe/Berlin] PHP Warning:  Undefined array key 1 in C:\xampp\htdocs\WST\Main\api\webhook.php on line 25
[08-Apr-2026 05:22:57 Europe/Berlin] PHP Warning:  Undefined array key 1 in C:\xampp\htdocs\WST\Main\api\webhook.php on line 25
[2026-04-08 05:34:59] === WEBHOOK HIT ===
[2026-04-08 05:34:59] Raw payload: {"data":{"attributes":{"type":"checkout_session.payment.paid","data":{"id":"cs_9b73aea97a1e81b11b48f9fb"}}}}
[2026-04-08 05:34:59] DB connected successfully
[2026-04-08 05:34:59] Event type: checkout_session.payment.paid
[2026-04-08 05:34:59] Session ID: cs_9b73aea97a1e81b11b48f9fb
[2026-04-08 05:34:59] Pending order found: YES
[2026-04-08 05:34:59] User ID: 13 | Order total: 620.00
[2026-04-08 05:34:59] Raw cart rows for user 13: [{"id":49,"user_id":13,"product_id":3,"quantity":1,"created_at":"2026-04-08 11:06:54"},{"id":50,"user_id":13,"product_id":4,"quantity":1,"created_at":"2026-04-08 11:06:56"},{"id":51,"user_id":13,"product_id":8,"quantity":1,"created_at":"2026-04-08 11:06:58"},{"id":52,"user_id":13,"product_id":13,"quantity":1,"created_at":"2026-04-08 11:07:00"},{"id":53,"user_id":13,"product_id":17,"quantity":1,"created_at":"2026-04-08 11:07:02"}]
[2026-04-08 05:34:59] Cart items found: 5
[2026-04-08 05:34:59] Cart items data: [{"quantity":1,"price":"140.00","product_id":3},{"quantity":1,"price":"100.00","product_id":4},{"quantity":1,"price":"140.00","product_id":8},{"quantity":1,"price":"80.00","product_id":13},{"quantity":1,"price":"60.00","product_id":17}]
[2026-04-08 05:34:59] Transaction started
[2026-04-08 05:34:59] Inserting — product_id: 3 | qty: 1 | total: 160
[2026-04-08 05:34:59] Inserted successfully for product_id: 3
[2026-04-08 05:34:59] Inserting — product_id: 4 | qty: 1 | total: 120
[2026-04-08 05:34:59] Inserted successfully for product_id: 4
[2026-04-08 05:34:59] Inserting — product_id: 8 | qty: 1 | total: 160
[2026-04-08 05:34:59] Inserted successfully for product_id: 8
[2026-04-08 05:34:59] Inserting — product_id: 13 | qty: 1 | total: 100
[2026-04-08 05:34:59] Inserted successfully for product_id: 13
[2026-04-08 05:34:59] Inserting — product_id: 17 | qty: 1 | total: 80
[2026-04-08 05:34:59] Inserted successfully for product_id: 17
[2026-04-08 05:34:59] Cart cleared for user_id: 13
[2026-04-08 05:34:59] Marked as paid for session_id: cs_9b73aea97a1e81b11b48f9fb
[2026-04-08 05:34:59] === TRANSACTION COMMITTED SUCCESSFULLY ===
[2026-04-08 05:34:59] === WEBHOOK COMPLETE ===
[2026-04-08 05:35:04] === WEBHOOK HIT ===
[2026-04-08 05:35:04] Raw payload: {"data":{"attributes":{"type":"checkout_session.payment.paid","data":{"id":"cs_9b73aea97a1e81b11b48f9fb"}}}}
[2026-04-08 05:35:04] DB connected successfully
[2026-04-08 05:35:04] Event type: checkout_session.payment.paid
[2026-04-08 05:35:04] Session ID: cs_9b73aea97a1e81b11b48f9fb
[2026-04-08 05:35:04] Pending order found: NO
[2026-04-08 05:35:04] WARNING: No pending order found for session_id: cs_9b73aea97a1e81b11b48f9fb
[2026-04-08 05:35:04] === WEBHOOK COMPLETE ===
[2026-04-08 05:47:31] === WEBHOOK HIT ===
[2026-04-08 05:47:31] Raw payload: {"data":{"attributes":{"type":"checkout_session.payment.paid","data":{"id":"test-session-123"}}}}
[2026-04-08 05:47:31] DB connected successfully
[2026-04-08 05:47:31] Event type: checkout_session.payment.paid
[2026-04-08 05:47:31] Session ID: test-session-123
[2026-04-08 05:47:31] Pending order found: NO
[2026-04-08 05:47:31] WARNING: No pending order found for session_id: test-session-123
[2026-04-08 05:47:31] === WEBHOOK COMPLETE ===
[2026-04-08 05:50:13] === WEBHOOK HIT ===
[2026-04-08 05:50:13] Raw payload: 
[2026-04-08 05:50:13] DB connected successfully
[2026-04-08 05:50:13] ERROR: Invalid JSON payload
[2026-04-08 05:53:29] === WEBHOOK HIT ===
[2026-04-08 05:53:29] Raw payload: 
[2026-04-08 05:53:29] DB connected successfully
[2026-04-08 05:53:29] ERROR: Invalid JSON payload
[2026-04-08 06:05:19] === WEBHOOK HIT ===
[2026-04-08 06:05:19] Raw payload: {
    "data": {
      "id": "evt_nxu8C3nLwta2PVLKEqBiV6R",
      "type": "event",
      "attributes": {
        "type": "checkout_session.payment.paid",
        "livemode": false,
        "data": {
          "id": "cs_6aeca997a2e863b67d905449",
          "type": "checkout_session"
        }
      }
    }
  }
[2026-04-08 06:05:19] DB connected successfully
[2026-04-08 06:05:19] Event type: checkout_session.payment.paid
[2026-04-08 06:05:19] Session ID: cs_6aeca997a2e863b67d905449
[2026-04-08 06:05:19] Pending order found: YES
[2026-04-08 06:05:19] User ID: 13 | Order total: 610.00
[2026-04-08 06:05:19] Raw cart rows for user 13: [{"id":54,"user_id":13,"product_id":1,"quantity":1,"created_at":"2026-04-08 11:40:32"},{"id":55,"user_id":13,"product_id":3,"quantity":1,"created_at":"2026-04-08 11:40:34"},{"id":56,"user_id":13,"product_id":4,"quantity":1,"created_at":"2026-04-08 11:40:35"},{"id":57,"user_id":13,"product_id":5,"quantity":1,"created_at":"2026-04-08 11:40:37"}]
[2026-04-08 06:05:19] Cart items found: 4
[2026-04-08 06:05:19] Cart items data: [{"quantity":1,"price":"140.00","product_id":1},{"quantity":1,"price":"140.00","product_id":3},{"quantity":1,"price":"100.00","product_id":4},{"quantity":1,"price":"130.00","product_id":5}]
[2026-04-08 06:05:19] Transaction started
[2026-04-08 06:05:19] Inserting — product_id: 1 | qty: 1 | total: 165
[2026-04-08 06:05:19] Inserted successfully for product_id: 1
[2026-04-08 06:05:19] Inserting — product_id: 3 | qty: 1 | total: 165
[2026-04-08 06:05:19] Inserted successfully for product_id: 3
[2026-04-08 06:05:19] Inserting — product_id: 4 | qty: 1 | total: 125
[2026-04-08 06:05:19] Inserted successfully for product_id: 4
[2026-04-08 06:05:19] Inserting — product_id: 5 | qty: 1 | total: 155
[2026-04-08 06:05:19] Inserted successfully for product_id: 5
[2026-04-08 06:05:19] Cart cleared for user_id: 13
[2026-04-08 06:05:19] Marked as paid for session_id: cs_6aeca997a2e863b67d905449
[2026-04-08 06:05:19] === TRANSACTION COMMITTED SUCCESSFULLY ===
[2026-04-08 06:05:19] === WEBHOOK COMPLETE ===
[2026-04-08 06:18:42] === WEBHOOK HIT ===
[2026-04-08 06:18:42] Raw payload: {"data":{"id":"evt_PRodNEGyNPS6EeBNtjoWjKCa","type":"event","attributes":{"type":"checkout_session.payment.paid","livemode":false,"data":{"id":"cs_f3b57afa59d2659e1ff9e708","type":"checkout_session","attributes":{"billing":{"address":{"city":null,"country":null,"line1":null,"line2":null,"postal_code":null,"state":null},"email":null,"name":null,"phone":null},"billing_information_fields_editable":"enabled","cancel_url":"http://localhost/WST/Main/CART.html","checkout_url":"https://checkout.paymongo.com/cs_f3b57afa59d2659e1ff9e708_client_ba7be047e608bb00a980454f#cGtfdGVzdF8zR3VmYkxEckdkNllFbW45V1lZM2tjTTY=","client_key":"cs_f3b57afa59d2659e1ff9e708_client_ba7be047e608bb00a980454f","customer_email":null,"customer_id":null,"description":"KapeBara Order","line_items":[{"amount":14000,"currency":"PHP","description":null,"images":[],"name":"Taro Frappe","quantity":1},{"amount":10000,"currency":"PHP","description":null,"images":[],"name":"Americano","quantity":1},{"amount":14000,"currency":"PHP","description":null,"images":[],"name":"Dark Choco","quantity":1},{"amount":14000,"currency":"PHP","description":null,"images":[],"name":"Spanish Latte","quantity":1},{"amount":10000,"currency":"PHP","description":null,"images":[],"name":"Shipping Fee","quantity":1}],"livemode":false,"merchant":"JOHN SAMUEL GALANG DIZON","paid_at":1775621924,"payments":[{"id":"pay_FJp4K2CPQrowV2Wk5QxJLAYn","type":"payment","attributes":{"access_url":null,"amount":62000,"balance_transaction_id":"bal_txn_y4iVPpXZcAWjYhvxLTQHpDW2","billing":{"address":{"city":null,"country":null,"line1":null,"line2":null,"postal_code":null,"state":null},"email":"samgreen22diz@gmail.com","name":"John Samuel Dizon","phone":"09092034621"},"currency":"PHP","description":"KapeBara Order","digital_withholding_vat_amount":0,"disputed":false,"external_reference_number":null,"fee":1550,"instant_settlement":null,"livemode":false,"net_amount":60450,"origin":"api","payment_intent_id":"pi_97cFdXMegtVtZcnGR8Jvci5R","payout":null,"source":{"id":"src_Nj8FZwcBTA6ZbWGFU9RFbKmW","type":"gcash","provider":{"id":null},"provider_id":null},"statement_descriptor":"JOHN SAMUEL GALANG DIZON","status":"paid","tax_amount":null,"metadata":null,"promotion":null,"refunds":[],"taxes":[],"available_at":1775811600,"created_at":1775621924,"credited_at":1776301200,"paid_at":1775621924,"updated_at":1775621924}}],"payment_intent":{"id":"pi_97cFdXMegtVtZcnGR8Jvci5R","type":"payment_intent","attributes":{"amount":62000,"capture_type":"automatic","client_key":"pi_97cFdXMegtVtZcnGR8Jvci5R_client_8wwWtW88przrR9hCrqXnc8L9","currency":"PHP","description":"KapeBara Order","livemode":false,"original_amount":62000,"statement_descriptor":"JOHN SAMUEL GALANG DIZON","status":"succeeded","last_payment_error":null,"payment_method_allowed":["paymaya","card","gcash","dob"],"payments":[{"id":"pay_FJp4K2CPQrowV2Wk5QxJLAYn","type":"payment","attributes":{"access_url":null,"amount":62000,"balance_transaction_id":"bal_txn_y4iVPpXZcAWjYhvxLTQHpDW2","billing":{"address":{"city":null,"country":null,"line1":null,"line2":null,"postal_code":null,"state":null},"email":"samgreen22diz@gmail.com","name":"John Samuel Dizon","phone":"09092034621"},"currency":"PHP","description":"KapeBara Order","digital_withholding_vat_amount":0,"disputed":false,"external_reference_number":null,"fee":1550,"instant_settlement":null,"livemode":false,"net_amount":60450,"origin":"api","payment_intent_id":"pi_97cFdXMegtVtZcnGR8Jvci5R","payout":null,"source":{"id":"src_Nj8FZwcBTA6ZbWGFU9RFbKmW","type":"gcash","provider":{"id":null},"provider_id":null},"statement_descriptor":"JOHN SAMUEL GALANG DIZON","status":"paid","tax_amount":null,"metadata":null,"promotion":null,"refunds":[],"taxes":[],"available_at":1775811600,"created_at":1775621924,"credited_at":1776301200,"paid_at":1775621924,"updated_at":1775621924}}],"next_action":null,"payment_method_options":{"card":{"request_three_d_secure":"any"}},"metadata":null,"setup_future_usage":null,"created_at":1775621916,"updated_at":1775621924}},"payment_method_types":[],"payment_method_used":"gcash","reference_number":null,"send_email_receipt":false,"show_description":true,"show_line_items":true,"status":"active","success_url":"http://localhost/WST/Main/success.html","created_at":1775621917,"updated_at":1775621922,"metadata":null}},"previous_data":{},"pending_webhooks":1,"created_at":1775621925,"updated_at":1775621925}}}
[2026-04-08 06:18:42] DB connected successfully
[2026-04-08 06:18:42] Event type: checkout_session.payment.paid
[2026-04-08 06:18:42] Session ID: cs_f3b57afa59d2659e1ff9e708
[2026-04-08 06:18:42] Pending order found: YES
[2026-04-08 06:18:42] User ID: 13 | Order total: 620.00
[2026-04-08 06:18:42] Raw cart rows for user 13: [{"id":58,"user_id":13,"product_id":3,"quantity":1,"created_at":"2026-04-08 12:11:33"},{"id":59,"user_id":13,"product_id":4,"quantity":1,"created_at":"2026-04-08 12:11:35"},{"id":60,"user_id":13,"product_id":8,"quantity":1,"created_at":"2026-04-08 12:11:37"},{"id":61,"user_id":13,"product_id":7,"quantity":1,"created_at":"2026-04-08 12:11:38"}]
[2026-04-08 06:18:42] Cart items found: 4
[2026-04-08 06:18:42] Cart items data: [{"quantity":1,"price":"140.00","product_id":3},{"quantity":1,"price":"100.00","product_id":4},{"quantity":1,"price":"140.00","product_id":8},{"quantity":1,"price":"140.00","product_id":7}]
[2026-04-08 06:18:42] Transaction started
[2026-04-08 06:18:42] Inserting — product_id: 3 | qty: 1 | total: 165
[2026-04-08 06:18:42] Inserted successfully for product_id: 3
[2026-04-08 06:18:42] Inserting — product_id: 4 | qty: 1 | total: 125
[2026-04-08 06:18:42] Inserted successfully for product_id: 4
[2026-04-08 06:18:42] Inserting — product_id: 8 | qty: 1 | total: 165
[2026-04-08 06:18:42] Inserted successfully for product_id: 8
[2026-04-08 06:18:42] Inserting — product_id: 7 | qty: 1 | total: 165
[2026-04-08 06:18:42] Inserted successfully for product_id: 7
[2026-04-08 06:18:42] Cart cleared for user_id: 13
[2026-04-08 06:18:42] Marked as paid for session_id: cs_f3b57afa59d2659e1ff9e708
[2026-04-08 06:18:42] === TRANSACTION COMMITTED SUCCESSFULLY ===
[2026-04-08 06:18:42] === WEBHOOK COMPLETE ===
[2026-04-08 06:20:10] === WEBHOOK HIT ===
[2026-04-08 06:20:10] Raw payload: {"data":{"id":"evt_jouepfVE82ftQe3SWvma6Yxq","type":"event","attributes":{"type":"checkout_session.payment.paid","livemode":false,"data":{"id":"cs_eb47f776246cc07ee8286bdb","type":"checkout_session","attributes":{"billing":{"address":{"city":null,"country":null,"line1":null,"line2":null,"postal_code":null,"state":null},"email":null,"name":null,"phone":null},"billing_information_fields_editable":"enabled","cancel_url":"http://localhost/WST/Main/CART.html","checkout_url":"https://checkout.paymongo.com/cs_eb47f776246cc07ee8286bdb_client_71a281cc90811d083d8f6e43#cGtfdGVzdF8zR3VmYkxEckdkNllFbW45V1lZM2tjTTY=","client_key":"cs_eb47f776246cc07ee8286bdb_client_71a281cc90811d083d8f6e43","customer_email":null,"customer_id":null,"description":"KapeBara Order","line_items":[{"amount":13000,"currency":"PHP","description":null,"images":[],"name":"Mocha","quantity":1},{"amount":14000,"currency":"PHP","description":null,"images":[],"name":"Dark Choco","quantity":1},{"amount":13000,"currency":"PHP","description":null,"images":[],"name":"Vanilla Latte","quantity":1},{"amount":8000,"currency":"PHP","description":null,"images":[],"name":"Ranch Fries","quantity":1},{"amount":6000,"currency":"PHP","description":null,"images":[],"name":"Banana Bread","quantity":1},{"amount":10000,"currency":"PHP","description":null,"images":[],"name":"Shipping Fee","quantity":1}],"livemode":false,"merchant":"JOHN SAMUEL GALANG DIZON","paid_at":1775622012,"payments":[{"id":"pay_Hzr3XifAFtvuGoHG7ZGMkFM8","type":"payment","attributes":{"access_url":null,"amount":64000,"balance_transaction_id":"bal_txn_WNZjTfq6UXSm9xPGMsTYqP9o","billing":{"address":{"city":null,"country":null,"line1":null,"line2":null,"postal_code":null,"state":null},"email":"samgreen22diz@gmail.com","name":"John Samuel Dizon","phone":"09092034621"},"currency":"PHP","description":"KapeBara Order","digital_withholding_vat_amount":0,"disputed":false,"external_reference_number":null,"fee":1600,"instant_settlement":null,"livemode":false,"net_amount":62400,"origin":"api","payment_intent_id":"pi_JWYFmY13fcgS4mH3xkwddoDN","payout":null,"source":{"id":"src_UeLTtwGBhgDrtNMYosZa7a3A","type":"gcash","provider":{"id":null},"provider_id":null},"statement_descriptor":"JOHN SAMUEL GALANG DIZON","status":"paid","tax_amount":null,"metadata":null,"promotion":null,"refunds":[],"taxes":[],"available_at":1775811600,"created_at":1775622012,"credited_at":1776301200,"paid_at":1775622012,"updated_at":1775622012}}],"payment_intent":{"id":"pi_JWYFmY13fcgS4mH3xkwddoDN","type":"payment_intent","attributes":{"amount":64000,"capture_type":"automatic","client_key":"pi_JWYFmY13fcgS4mH3xkwddoDN_client_keYSfQYmW7vyXikxL5YkurjY","currency":"PHP","description":"KapeBara Order","livemode":false,"original_amount":64000,"statement_descriptor":"JOHN SAMUEL GALANG DIZON","status":"succeeded","last_payment_error":null,"payment_method_allowed":["paymaya","dob","gcash","card"],"payments":[{"id":"pay_Hzr3XifAFtvuGoHG7ZGMkFM8","type":"payment","attributes":{"access_url":null,"amount":64000,"balance_transaction_id":"bal_txn_WNZjTfq6UXSm9xPGMsTYqP9o","billing":{"address":{"city":null,"country":null,"line1":null,"line2":null,"postal_code":null,"state":null},"email":"samgreen22diz@gmail.com","name":"John Samuel Dizon","phone":"09092034621"},"currency":"PHP","description":"KapeBara Order","digital_withholding_vat_amount":0,"disputed":false,"external_reference_number":null,"fee":1600,"instant_settlement":null,"livemode":false,"net_amount":62400,"origin":"api","payment_intent_id":"pi_JWYFmY13fcgS4mH3xkwddoDN","payout":null,"source":{"id":"src_UeLTtwGBhgDrtNMYosZa7a3A","type":"gcash","provider":{"id":null},"provider_id":null},"statement_descriptor":"JOHN SAMUEL GALANG DIZON","status":"paid","tax_amount":null,"metadata":null,"promotion":null,"refunds":[],"taxes":[],"available_at":1775811600,"created_at":1775622012,"credited_at":1776301200,"paid_at":1775622012,"updated_at":1775622012}}],"next_action":null,"payment_method_options":{"card":{"request_three_d_secure":"any"}},"metadata":null,"setup_future_usage":null,"created_at":1775622003,"updated_at":1775622012}},"payment_method_types":[],"payment_method_used":"gcash","reference_number":null,"send_email_receipt":false,"show_description":true,"show_line_items":true,"status":"active","success_url":"http://localhost/WST/Main/success.html","created_at":1775622003,"updated_at":1775622009,"metadata":null}},"previous_data":{},"pending_webhooks":1,"created_at":1775622013,"updated_at":1775622013}}}
[2026-04-08 06:20:10] DB connected successfully
[2026-04-08 06:20:10] Event type: checkout_session.payment.paid
[2026-04-08 06:20:10] Session ID: cs_eb47f776246cc07ee8286bdb
[2026-04-08 06:20:10] Pending order found: YES
[2026-04-08 06:20:10] User ID: 13 | Order total: 640.00
[2026-04-08 06:20:10] Raw cart rows for user 13: [{"id":62,"user_id":13,"product_id":5,"quantity":1,"created_at":"2026-04-08 12:19:46"},{"id":63,"user_id":13,"product_id":8,"quantity":1,"created_at":"2026-04-08 12:19:48"},{"id":64,"user_id":13,"product_id":9,"quantity":1,"created_at":"2026-04-08 12:19:49"},{"id":65,"user_id":13,"product_id":13,"quantity":1,"created_at":"2026-04-08 12:19:51"},{"id":66,"user_id":13,"product_id":17,"quantity":1,"created_at":"2026-04-08 12:19:53"}]
[2026-04-08 06:20:10] Cart items found: 5
[2026-04-08 06:20:10] Cart items data: [{"quantity":1,"price":"130.00","product_id":5},{"quantity":1,"price":"140.00","product_id":8},{"quantity":1,"price":"130.00","product_id":9},{"quantity":1,"price":"80.00","product_id":13},{"quantity":1,"price":"60.00","product_id":17}]
[2026-04-08 06:20:10] Transaction started
[2026-04-08 06:20:10] Inserting — product_id: 5 | qty: 1 | total: 150
[2026-04-08 06:20:10] Inserted successfully for product_id: 5
[2026-04-08 06:20:10] Inserting — product_id: 8 | qty: 1 | total: 160
[2026-04-08 06:20:10] Inserted successfully for product_id: 8
[2026-04-08 06:20:10] Inserting — product_id: 9 | qty: 1 | total: 150
[2026-04-08 06:20:10] Inserted successfully for product_id: 9
[2026-04-08 06:20:10] Inserting — product_id: 13 | qty: 1 | total: 100
[2026-04-08 06:20:10] Inserted successfully for product_id: 13
[2026-04-08 06:20:10] Inserting — product_id: 17 | qty: 1 | total: 80
[2026-04-08 06:20:10] Inserted successfully for product_id: 17
[2026-04-08 06:20:10] Cart cleared for user_id: 13
[2026-04-08 06:20:10] Marked as paid for session_id: cs_eb47f776246cc07ee8286bdb
[2026-04-08 06:20:10] === TRANSACTION COMMITTED SUCCESSFULLY ===
[2026-04-08 06:20:10] === WEBHOOK COMPLETE ===
[2026-04-08 06:24:43] === WEBHOOK HIT ===
[2026-04-08 06:24:43] Raw payload: {"data":{"id":"evt_bSSy8HTUPiJDdDRMSbukxxB5","type":"event","attributes":{"type":"checkout_session.payment.paid","livemode":false,"data":{"id":"cs_0e7661bf8bd45766e769001c","type":"checkout_session","attributes":{"billing":{"address":{"city":null,"country":null,"line1":null,"line2":null,"postal_code":null,"state":null},"email":null,"name":null,"phone":null},"billing_information_fields_editable":"enabled","cancel_url":"http://localhost/WST/Main/CART.html","checkout_url":"https://checkout.paymongo.com/cs_0e7661bf8bd45766e769001c_client_67f30c7b5861910ebd3875ce#cGtfdGVzdF8zR3VmYkxEckdkNllFbW45V1lZM2tjTTY=","client_key":"cs_0e7661bf8bd45766e769001c_client_67f30c7b5861910ebd3875ce","customer_email":null,"customer_id":null,"description":"KapeBara Order","line_items":[{"amount":14000,"currency":"PHP","description":null,"images":[],"name":"Taro Frappe","quantity":1},{"amount":10000,"currency":"PHP","description":null,"images":[],"name":"Americano","quantity":1},{"amount":13000,"currency":"PHP","description":null,"images":[],"name":"Mocha","quantity":1},{"amount":14000,"currency":"PHP","description":null,"images":[],"name":"Dark Choco","quantity":1},{"amount":10000,"currency":"PHP","description":null,"images":[],"name":"Shipping Fee","quantity":1}],"livemode":false,"merchant":"JOHN SAMUEL GALANG DIZON","paid_at":1775622285,"payments":[{"id":"pay_a3pQsUqG4H862WJy2L7rFVBQ","type":"payment","attributes":{"access_url":null,"amount":61000,"balance_transaction_id":"bal_txn_FcLmf6M8V2bCesdXD18k6FF8","billing":{"address":{"city":null,"country":null,"line1":null,"line2":null,"postal_code":null,"state":null},"email":"samgreen22diz@gmail.com","name":"John Samuel Dizon","phone":"09092034621"},"currency":"PHP","description":"KapeBara Order","digital_withholding_vat_amount":0,"disputed":false,"external_reference_number":null,"fee":1525,"instant_settlement":null,"livemode":false,"net_amount":59475,"origin":"api","payment_intent_id":"pi_B3dcAvetuTJm9vx3yp4ePTS5","payout":null,"source":{"id":"src_yYwDwHZg72cJnZsMsUNNx4sJ","type":"gcash","provider":{"id":null},"provider_id":null},"statement_descriptor":"JOHN SAMUEL GALANG DIZON","status":"paid","tax_amount":null,"metadata":null,"promotion":null,"refunds":[],"taxes":[],"available_at":1775811600,"created_at":1775622285,"credited_at":1776301200,"paid_at":1775622285,"updated_at":1775622285}}],"payment_intent":{"id":"pi_B3dcAvetuTJm9vx3yp4ePTS5","type":"payment_intent","attributes":{"amount":61000,"capture_type":"automatic","client_key":"pi_B3dcAvetuTJm9vx3yp4ePTS5_client_FJLRTw2jK47GAdEUuZVnAn5g","currency":"PHP","description":"KapeBara Order","livemode":false,"original_amount":61000,"statement_descriptor":"JOHN SAMUEL GALANG DIZON","status":"succeeded","last_payment_error":null,"payment_method_allowed":["paymaya","dob","gcash","card"],"payments":[{"id":"pay_a3pQsUqG4H862WJy2L7rFVBQ","type":"payment","attributes":{"access_url":null,"amount":61000,"balance_transaction_id":"bal_txn_FcLmf6M8V2bCesdXD18k6FF8","billing":{"address":{"city":null,"country":null,"line1":null,"line2":null,"postal_code":null,"state":null},"email":"samgreen22diz@gmail.com","name":"John Samuel Dizon","phone":"09092034621"},"currency":"PHP","description":"KapeBara Order","digital_withholding_vat_amount":0,"disputed":false,"external_reference_number":null,"fee":1525,"instant_settlement":null,"livemode":false,"net_amount":59475,"origin":"api","payment_intent_id":"pi_B3dcAvetuTJm9vx3yp4ePTS5","payout":null,"source":{"id":"src_yYwDwHZg72cJnZsMsUNNx4sJ","type":"gcash","provider":{"id":null},"provider_id":null},"statement_descriptor":"JOHN SAMUEL GALANG DIZON","status":"paid","tax_amount":null,"metadata":null,"promotion":null,"refunds":[],"taxes":[],"available_at":1775811600,"created_at":1775622285,"credited_at":1776301200,"paid_at":1775622285,"updated_at":1775622285}}],"next_action":null,"payment_method_options":{"card":{"request_three_d_secure":"any"}},"metadata":null,"setup_future_usage":null,"created_at":1775622255,"updated_at":1775622285}},"payment_method_types":[],"payment_method_used":"gcash","reference_number":null,"send_email_receipt":false,"show_description":true,"show_line_items":true,"status":"active","success_url":"http://localhost/WST/Main/success.html","created_at":1775622255,"updated_at":1775622282,"metadata":null}},"previous_data":{},"pending_webhooks":1,"created_at":1775622287,"updated_at":1775622287}}}
[2026-04-08 06:24:43] DB connected successfully
[2026-04-08 06:24:43] Event type: checkout_session.payment.paid
[2026-04-08 06:24:43] Session ID: cs_0e7661bf8bd45766e769001c
[2026-04-08 06:24:43] Pending order found: YES
[2026-04-08 06:24:43] User ID: 13 | Order total: 610.00
[2026-04-08 06:24:43] Raw cart rows for user 13: [{"id":67,"user_id":13,"product_id":3,"quantity":1,"created_at":"2026-04-08 12:23:59"},{"id":68,"user_id":13,"product_id":4,"quantity":1,"created_at":"2026-04-08 12:24:01"},{"id":69,"user_id":13,"product_id":5,"quantity":1,"created_at":"2026-04-08 12:24:02"},{"id":70,"user_id":13,"product_id":8,"quantity":1,"created_at":"2026-04-08 12:24:04"}]
[2026-04-08 06:24:43] Cart items found: 4
[2026-04-08 06:24:43] Cart items data: [{"quantity":1,"price":"140.00","product_id":3},{"quantity":1,"price":"100.00","product_id":4},{"quantity":1,"price":"130.00","product_id":5},{"quantity":1,"price":"140.00","product_id":8}]
[2026-04-08 06:24:43] Transaction started
[2026-04-08 06:24:43] Inserting — product_id: 3 | qty: 1 | total: 165
[2026-04-08 06:24:43] Inserted successfully for product_id: 3
[2026-04-08 06:24:43] Inserting — product_id: 4 | qty: 1 | total: 125
[2026-04-08 06:24:43] Inserted successfully for product_id: 4
[2026-04-08 06:24:43] Inserting — product_id: 5 | qty: 1 | total: 155
[2026-04-08 06:24:43] Inserted successfully for product_id: 5
[2026-04-08 06:24:43] Inserting — product_id: 8 | qty: 1 | total: 165
[2026-04-08 06:24:43] Inserted successfully for product_id: 8
[2026-04-08 06:24:43] Cart cleared for user_id: 13
[2026-04-08 06:24:43] Marked as paid for session_id: cs_0e7661bf8bd45766e769001c
[2026-04-08 06:24:43] === TRANSACTION COMMITTED SUCCESSFULLY ===
[2026-04-08 06:24:43] === WEBHOOK COMPLETE ===
[2026-04-08 15:21:41] === WEBHOOK HIT ===
[2026-04-08 15:21:41] Raw payload: {"data":{"id":"evt_h1qkorjsWkFhAuGWAdN1UzEh","type":"event","attributes":{"type":"checkout_session.payment.paid","livemode":false,"data":{"id":"cs_70f2c1d41e97d5e3808457a7","type":"checkout_session","attributes":{"billing":{"address":{"city":null,"country":null,"line1":null,"line2":null,"postal_code":null,"state":null},"email":null,"name":null,"phone":null},"billing_information_fields_editable":"enabled","cancel_url":"http://localhost/WST/Main/CART.html","checkout_url":"https://checkout.paymongo.com/cs_70f2c1d41e97d5e3808457a7_client_e87aa982ea523a3db66819f1#cGtfdGVzdF8zR3VmYkxEckdkNllFbW45V1lZM2tjTTY=","client_key":"cs_70f2c1d41e97d5e3808457a7_client_e87aa982ea523a3db66819f1","customer_email":null,"customer_id":null,"description":"KapeBara Order","line_items":[{"amount":14000,"currency":"PHP","description":null,"images":[],"name":"Taro Frappe","quantity":1},{"amount":10000,"currency":"PHP","description":null,"images":[],"name":"Americano","quantity":1},{"amount":14000,"currency":"PHP","description":null,"images":[],"name":"Dark Choco","quantity":1},{"amount":14000,"currency":"PHP","description":null,"images":[],"name":"Halo-Halo","quantity":1},{"amount":8000,"currency":"PHP","description":null,"images":[],"name":"Ranch Fries","quantity":1},{"amount":6000,"currency":"PHP","description":null,"images":[],"name":"Banana Bread","quantity":1},{"amount":8000,"currency":"PHP","description":null,"images":[],"name":"Cinnamon Fries","quantity":1},{"amount":10000,"currency":"PHP","description":null,"images":[],"name":"Shipping Fee","quantity":1}],"livemode":false,"merchant":"JOHN SAMUEL GALANG DIZON","paid_at":1775654504,"payments":[{"id":"pay_ScEz6W7N3M7hnioAqzQNizgF","type":"payment","attributes":{"access_url":null,"amount":84000,"balance_transaction_id":"bal_txn_ZSBXP3stAsZXkVCjU44kWZw9","billing":{"address":{"city":null,"country":null,"line1":null,"line2":null,"postal_code":null,"state":null},"email":"halilimicahjirelle@gmail.com","name":"Jirelle Halili","phone":"09302463113"},"currency":"PHP","description":"KapeBara Order","digital_withholding_vat_amount":0,"disputed":false,"external_reference_number":null,"fee":2100,"instant_settlement":null,"livemode":false,"net_amount":81900,"origin":"api","payment_intent_id":"pi_uu7PoRxbYnN7bZqBJg4tgksT","payout":null,"source":{"id":"src_nMPcCi5nmwrrWAfsM88WFk6t","type":"gcash","provider":{"id":null},"provider_id":null},"statement_descriptor":"JOHN SAMUEL GALANG DIZON","status":"paid","tax_amount":null,"metadata":null,"promotion":null,"refunds":[],"taxes":[],"available_at":1776070800,"created_at":1775654504,"credited_at":1776301200,"paid_at":1775654504,"updated_at":1775654504}}],"payment_intent":{"id":"pi_uu7PoRxbYnN7bZqBJg4tgksT","type":"payment_intent","attributes":{"amount":84000,"capture_type":"automatic","client_key":"pi_uu7PoRxbYnN7bZqBJg4tgksT_client_DC4jZcHUP2eEyUfcLTF9j7VD","currency":"PHP","description":"KapeBara Order","livemode":false,"original_amount":84000,"statement_descriptor":"JOHN SAMUEL GALANG DIZON","status":"succeeded","last_payment_error":null,"payment_method_allowed":["card","gcash","dob","paymaya"],"payments":[{"id":"pay_ScEz6W7N3M7hnioAqzQNizgF","type":"payment","attributes":{"access_url":null,"amount":84000,"balance_transaction_id":"bal_txn_ZSBXP3stAsZXkVCjU44kWZw9","billing":{"address":{"city":null,"country":null,"line1":null,"line2":null,"postal_code":null,"state":null},"email":"halilimicahjirelle@gmail.com","name":"Jirelle Halili","phone":"09302463113"},"currency":"PHP","description":"KapeBara Order","digital_withholding_vat_amount":0,"disputed":false,"external_reference_number":null,"fee":2100,"instant_settlement":null,"livemode":false,"net_amount":81900,"origin":"api","payment_intent_id":"pi_uu7PoRxbYnN7bZqBJg4tgksT","payout":null,"source":{"id":"src_nMPcCi5nmwrrWAfsM88WFk6t","type":"gcash","provider":{"id":null},"provider_id":null},"statement_descriptor":"JOHN SAMUEL GALANG DIZON","status":"paid","tax_amount":null,"metadata":null,"promotion":null,"refunds":[],"taxes":[],"available_at":1776070800,"created_at":1775654504,"credited_at":1776301200,"paid_at":1775654504,"updated_at":1775654504}}],"next_action":null,"payment_method_options":{"card":{"request_three_d_secure":"any"}},"metadata":null,"setup_future_usage":null,"created_at":1775654486,"updated_at":1775654504}},"payment_method_types":[],"payment_method_used":"gcash","reference_number":null,"send_email_receipt":false,"show_description":true,"show_line_items":true,"status":"active","success_url":"http://localhost/WST/Main/success.html","created_at":1775654486,"updated_at":1775654501,"metadata":null}},"previous_data":{},"pending_webhooks":1,"created_at":1775654506,"updated_at":1775654506}}}
[2026-04-08 15:21:41] DB connected successfully
[2026-04-08 15:21:41] Event type: checkout_session.payment.paid
[2026-04-08 15:21:41] Session ID: cs_70f2c1d41e97d5e3808457a7
[2026-04-08 15:21:41] Pending order found: YES
[2026-04-08 15:21:41] User ID: 14 | Order total: 840.00
[2026-04-08 15:21:41] Raw cart rows for user 14: [{"id":71,"user_id":14,"product_id":3,"quantity":1,"created_at":"2026-04-08 21:21:00"},{"id":72,"user_id":14,"product_id":4,"quantity":1,"created_at":"2026-04-08 21:21:01"},{"id":73,"user_id":14,"product_id":8,"quantity":1,"created_at":"2026-04-08 21:21:03"},{"id":74,"user_id":14,"product_id":10,"quantity":1,"created_at":"2026-04-08 21:21:05"},{"id":75,"user_id":14,"product_id":13,"quantity":1,"created_at":"2026-04-08 21:21:07"},{"id":76,"user_id":14,"product_id":17,"quantity":1,"created_at":"2026-04-08 21:21:09"},{"id":77,"user_id":14,"product_id":11,"quantity":1,"created_at":"2026-04-08 21:21:10"}]
[2026-04-08 15:21:41] Cart items found: 7
[2026-04-08 15:21:41] Cart items data: [{"quantity":1,"price":"140.00","product_id":3},{"quantity":1,"price":"100.00","product_id":4},{"quantity":1,"price":"140.00","product_id":8},{"quantity":1,"price":"140.00","product_id":10},{"quantity":1,"price":"80.00","product_id":13},{"quantity":1,"price":"60.00","product_id":17},{"quantity":1,"price":"80.00","product_id":11}]
[2026-04-08 15:21:41] Transaction started
[2026-04-08 15:21:41] Inserting — product_id: 3 | qty: 1 | total: 154.29
[2026-04-08 15:21:41] Inserted successfully for product_id: 3
[2026-04-08 15:21:41] Inserting — product_id: 4 | qty: 1 | total: 114.29
[2026-04-08 15:21:41] Inserted successfully for product_id: 4
[2026-04-08 15:21:41] Inserting — product_id: 8 | qty: 1 | total: 154.29
[2026-04-08 15:21:41] Inserted successfully for product_id: 8
[2026-04-08 15:21:41] Inserting — product_id: 10 | qty: 1 | total: 154.29
[2026-04-08 15:21:41] Inserted successfully for product_id: 10
[2026-04-08 15:21:41] Inserting — product_id: 13 | qty: 1 | total: 94.29
[2026-04-08 15:21:41] Inserted successfully for product_id: 13
[2026-04-08 15:21:41] Inserting — product_id: 17 | qty: 1 | total: 74.29
[2026-04-08 15:21:41] Inserted successfully for product_id: 17
[2026-04-08 15:21:41] Inserting — product_id: 11 | qty: 1 | total: 94.29
[2026-04-08 15:21:41] Inserted successfully for product_id: 11
[2026-04-08 15:21:41] Cart cleared for user_id: 14
[2026-04-08 15:21:41] Marked as paid for session_id: cs_70f2c1d41e97d5e3808457a7
[2026-04-08 15:21:41] === TRANSACTION COMMITTED SUCCESSFULLY ===
[2026-04-08 15:21:41] === WEBHOOK COMPLETE ===
[2026-04-08 15:54:06] === WEBHOOK HIT ===
[2026-04-08 15:54:06] Raw payload: {"data":{"id":"evt_oEw48RkZaEfUVhH9kCob65cA","type":"event","attributes":{"type":"checkout_session.payment.paid","livemode":false,"data":{"id":"cs_211b08b101372ce1008f2d41","type":"checkout_session","attributes":{"billing":{"address":{"city":null,"country":null,"line1":null,"line2":null,"postal_code":null,"state":null},"email":null,"name":null,"phone":null},"billing_information_fields_editable":"enabled","cancel_url":"http://localhost/WST/Main/CART.html","checkout_url":"https://checkout.paymongo.com/cs_211b08b101372ce1008f2d41_client_520fc47b36d0b035a2a04caf#cGtfdGVzdF8zR3VmYkxEckdkNllFbW45V1lZM2tjTTY=","client_key":"cs_211b08b101372ce1008f2d41_client_520fc47b36d0b035a2a04caf","customer_email":null,"customer_id":null,"description":"KapeBara Order","line_items":[{"amount":14000,"currency":"PHP","description":null,"images":[],"name":"Taro Frappe","quantity":7},{"amount":10000,"currency":"PHP","description":null,"images":[],"name":"Americano","quantity":3},{"amount":14000,"currency":"PHP","description":null,"images":[],"name":"Halo-Halo","quantity":2},{"amount":14000,"currency":"PHP","description":null,"images":[],"name":"Spanish Latte","quantity":1},{"amount":8000,"currency":"PHP","description":null,"images":[],"name":"Hot Fries","quantity":1},{"amount":14000,"currency":"PHP","description":null,"images":[],"name":"Dark Choco","quantity":3},{"amount":13000,"currency":"PHP","description":null,"images":[],"name":"Vanilla Latte","quantity":2},{"amount":9000,"currency":"PHP","description":null,"images":[],"name":"Spanish Bread","quantity":1},{"amount":8000,"currency":"PHP","description":null,"images":[],"name":"Ranch Fries","quantity":1},{"amount":13000,"currency":"PHP","description":null,"images":[],"name":"Mocha","quantity":1},{"amount":14000,"currency":"PHP","description":null,"images":[],"name":"Lavander Frappe","quantity":1},{"amount":8000,"currency":"PHP","description":null,"images":[],"name":"Cheesy Fries","quantity":1},{"amount":10000,"currency":"PHP","description":null,"images":[],"name":"Shipping Fee","quantity":1}],"livemode":false,"merchant":"JOHN SAMUEL GALANG DIZON","paid_at":1775656449,"payments":[{"id":"pay_PzdgBRzFMfYHjq6H76CERmot","type":"payment","attributes":{"access_url":null,"amount":308000,"balance_transaction_id":"bal_txn_pgnWud2GkPPuVyKN67HsS9oS","billing":{"address":{"city":null,"country":null,"line1":null,"line2":null,"postal_code":null,"state":null},"email":"halilimicahjirelle@gmail.com","name":"Jirelle Halili","phone":"9540674389"},"currency":"PHP","description":"KapeBara Order","digital_withholding_vat_amount":0,"disputed":false,"external_reference_number":null,"fee":7700,"instant_settlement":null,"livemode":false,"net_amount":300300,"origin":"api","payment_intent_id":"pi_wSXWAVxjYbreqxSZvJU5QCfx","payout":null,"source":{"id":"src_rJ8Ct2kdnAvBWWyE1pi5A6VZ","type":"gcash","provider":{"id":null},"provider_id":null},"statement_descriptor":"JOHN SAMUEL GALANG DIZON","status":"paid","tax_amount":null,"metadata":null,"promotion":null,"refunds":[],"taxes":[],"available_at":1776070800,"created_at":1775656449,"credited_at":1776301200,"paid_at":1775656449,"updated_at":1775656449}}],"payment_intent":{"id":"pi_wSXWAVxjYbreqxSZvJU5QCfx","type":"payment_intent","attributes":{"amount":308000,"capture_type":"automatic","client_key":"pi_wSXWAVxjYbreqxSZvJU5QCfx_client_igcceo2wtLbgXxTcjFKKc69u","currency":"PHP","description":"KapeBara Order","livemode":false,"original_amount":308000,"statement_descriptor":"JOHN SAMUEL GALANG DIZON","status":"succeeded","last_payment_error":null,"payment_method_allowed":["card","dob","paymaya","gcash"],"payments":[{"id":"pay_PzdgBRzFMfYHjq6H76CERmot","type":"payment","attributes":{"access_url":null,"amount":308000,"balance_transaction_id":"bal_txn_pgnWud2GkPPuVyKN67HsS9oS","billing":{"address":{"city":null,"country":null,"line1":null,"line2":null,"postal_code":null,"state":null},"email":"halilimicahjirelle@gmail.com","name":"Jirelle Halili","phone":"9540674389"},"currency":"PHP","description":"KapeBara Order","digital_withholding_vat_amount":0,"disputed":false,"external_reference_number":null,"fee":7700,"instant_settlement":null,"livemode":false,"net_amount":300300,"origin":"api","payment_intent_id":"pi_wSXWAVxjYbreqxSZvJU5QCfx","payout":null,"source":{"id":"src_rJ8Ct2kdnAvBWWyE1pi5A6VZ","type":"gcash","provider":{"id":null},"provider_id":null},"statement_descriptor":"JOHN SAMUEL GALANG DIZON","status":"paid","tax_amount":null,"metadata":null,"promotion":null,"refunds":[],"taxes":[],"available_at":1776070800,"created_at":1775656449,"credited_at":1776301200,"paid_at":1775656449,"updated_at":1775656449}}],"next_action":null,"payment_method_options":{"card":{"request_three_d_secure":"any"}},"metadata":null,"setup_future_usage":null,"created_at":1775656435,"updated_at":1775656449}},"payment_method_types":[],"payment_method_used":"gcash","reference_number":null,"send_email_receipt":false,"show_description":true,"show_line_items":true,"status":"active","success_url":"http://localhost/WST/Main/success.html","created_at":1775656435,"updated_at":1775656445,"metadata":null}},"previous_data":{},"pending_webhooks":1,"created_at":1775656450,"updated_at":1775656450}}}
[2026-04-08 15:54:06] DB connected successfully
[2026-04-08 15:54:06] Event type: checkout_session.payment.paid
[2026-04-08 15:54:06] Session ID: cs_211b08b101372ce1008f2d41
[2026-04-08 15:54:06] Pending order found: YES
[2026-04-08 15:54:06] User ID: 14 | Order total: 3080.00
[2026-04-08 15:54:06] Raw cart rows for user 14: [{"id":80,"user_id":14,"product_id":3,"quantity":7,"created_at":"2026-04-08 21:41:49"},{"id":81,"user_id":14,"product_id":4,"quantity":3,"created_at":"2026-04-08 21:41:55"},{"id":82,"user_id":14,"product_id":10,"quantity":2,"created_at":"2026-04-08 21:48:08"},{"id":83,"user_id":14,"product_id":7,"quantity":1,"created_at":"2026-04-08 21:48:31"},{"id":84,"user_id":14,"product_id":14,"quantity":1,"created_at":"2026-04-08 21:48:36"},{"id":85,"user_id":14,"product_id":8,"quantity":3,"created_at":"2026-04-08 21:49:45"},{"id":86,"user_id":14,"product_id":9,"quantity":2,"created_at":"2026-04-08 21:49:47"},{"id":87,"user_id":14,"product_id":15,"quantity":1,"created_at":"2026-04-08 21:49:50"},{"id":88,"user_id":14,"product_id":13,"quantity":1,"created_at":"2026-04-08 21:50:44"},{"id":89,"user_id":14,"product_id":5,"quantity":1,"created_at":"2026-04-08 21:50:56"},{"id":90,"user_id":14,"product_id":6,"quantity":1,"created_at":"2026-04-08 21:51:05"},{"id":91,"user_id":14,"product_id":12,"quantity":1,"created_at":"2026-04-08 21:52:34"}]
[2026-04-08 15:54:06] Cart items found: 12
[2026-04-08 15:54:06] Cart items data: [{"quantity":7,"price":"140.00","product_id":3},{"quantity":3,"price":"100.00","product_id":4},{"quantity":2,"price":"140.00","product_id":10},{"quantity":1,"price":"140.00","product_id":7},{"quantity":1,"price":"80.00","product_id":14},{"quantity":3,"price":"140.00","product_id":8},{"quantity":2,"price":"130.00","product_id":9},{"quantity":1,"price":"90.00","product_id":15},{"quantity":1,"price":"80.00","product_id":13},{"quantity":1,"price":"130.00","product_id":5},{"quantity":1,"price":"140.00","product_id":6},{"quantity":1,"price":"80.00","product_id":12}]
[2026-04-08 15:54:06] Transaction started
[2026-04-08 15:54:06] Inserting — product_id: 3 | qty: 7 | total: 988.33
[2026-04-08 15:54:06] Inserted successfully for product_id: 3
[2026-04-08 15:54:06] Inserting — product_id: 4 | qty: 3 | total: 308.33
[2026-04-08 15:54:06] Inserted successfully for product_id: 4
[2026-04-08 15:54:06] Inserting — product_id: 10 | qty: 2 | total: 288.33
[2026-04-08 15:54:06] Inserted successfully for product_id: 10
[2026-04-08 15:54:06] Inserting — product_id: 7 | qty: 1 | total: 148.33
[2026-04-08 15:54:06] Inserted successfully for product_id: 7
[2026-04-08 15:54:06] Inserting — product_id: 14 | qty: 1 | total: 88.33
[2026-04-08 15:54:06] Inserted successfully for product_id: 14
[2026-04-08 15:54:06] Inserting — product_id: 8 | qty: 3 | total: 428.33
[2026-04-08 15:54:06] Inserted successfully for product_id: 8
[2026-04-08 15:54:06] Inserting — product_id: 9 | qty: 2 | total: 268.33
[2026-04-08 15:54:06] Inserted successfully for product_id: 9
[2026-04-08 15:54:06] Inserting — product_id: 15 | qty: 1 | total: 98.33
[2026-04-08 15:54:06] Inserted successfully for product_id: 15
[2026-04-08 15:54:06] Inserting — product_id: 13 | qty: 1 | total: 88.33
[2026-04-08 15:54:06] Inserted successfully for product_id: 13
[2026-04-08 15:54:06] Inserting — product_id: 5 | qty: 1 | total: 138.33
[2026-04-08 15:54:06] Inserted successfully for product_id: 5
[2026-04-08 15:54:06] Inserting — product_id: 6 | qty: 1 | total: 148.33
[2026-04-08 15:54:06] Inserted successfully for product_id: 6
[2026-04-08 15:54:06] Inserting — product_id: 12 | qty: 1 | total: 88.33
[2026-04-08 15:54:06] Inserted successfully for product_id: 12
[2026-04-08 15:54:06] Cart cleared for user_id: 14
[2026-04-08 15:54:06] Marked as paid for session_id: cs_211b08b101372ce1008f2d41
[2026-04-08 15:54:06] === TRANSACTION COMMITTED SUCCESSFULLY ===
[2026-04-08 15:54:06] === WEBHOOK COMPLETE ===
[2026-04-08 16:15:54] === WEBHOOK HIT ===
[2026-04-08 16:15:54] Raw payload: {"data":{"id":"evt_14c3wzjBLkn8ny6FFzBcvMJM","type":"event","attributes":{"type":"checkout_session.payment.paid","livemode":false,"data":{"id":"cs_b3b6c215ac708f64c7d10dc8","type":"checkout_session","attributes":{"billing":{"address":{"city":null,"country":null,"line1":null,"line2":null,"postal_code":null,"state":null},"email":null,"name":null,"phone":null},"billing_information_fields_editable":"enabled","cancel_url":"http://localhost/WST/Main/CART.html","checkout_url":"https://checkout.paymongo.com/cs_b3b6c215ac708f64c7d10dc8_client_ab59cb670d8566cc0242bf13#cGtfdGVzdF8zR3VmYkxEckdkNllFbW45V1lZM2tjTTY=","client_key":"cs_b3b6c215ac708f64c7d10dc8_client_ab59cb670d8566cc0242bf13","customer_email":null,"customer_id":null,"description":"KapeBara Order","line_items":[{"amount":14000,"currency":"PHP","description":null,"images":[],"name":"Taro Frappe","quantity":2},{"amount":13000,"currency":"PHP","description":null,"images":[],"name":"Vanilla Latte","quantity":1},{"amount":14000,"currency":"PHP","description":null,"images":[],"name":"Spanish Latte","quantity":1},{"amount":14000,"currency":"PHP","description":null,"images":[],"name":"Lavander Frappe","quantity":1},{"amount":14000,"currency":"PHP","description":null,"images":[],"name":"Taro Frappe","quantity":1},{"amount":14000,"currency":"PHP","description":null,"images":[],"name":"Halo-Halo","quantity":1},{"amount":10000,"currency":"PHP","description":null,"images":[],"name":"Shipping Fee","quantity":1}],"livemode":false,"merchant":"JOHN SAMUEL GALANG DIZON","paid_at":1775657757,"payments":[{"id":"pay_si2wGpt7KgiL4gNzSXfTeJ7U","type":"payment","attributes":{"access_url":null,"amount":107000,"balance_transaction_id":"bal_txn_3hdx1J9pQu1F92eJSdQV5i8V","billing":{"address":{"city":null,"country":null,"line1":null,"line2":null,"postal_code":null,"state":null},"email":"halilimicahjirelle@gmail.com","name":"Jirelle Halili","phone":"9540674385"},"currency":"PHP","description":"KapeBara Order","digital_withholding_vat_amount":0,"disputed":false,"external_reference_number":null,"fee":2675,"instant_settlement":null,"livemode":false,"net_amount":104325,"origin":"api","payment_intent_id":"pi_NHEeTSHqEE6445xNwrM6Ypsg","payout":null,"source":{"id":"src_FaUh5P6nHuRmfLFiuWYejscr","type":"gcash","provider":{"id":null},"provider_id":null},"statement_descriptor":"JOHN SAMUEL GALANG DIZON","status":"paid","tax_amount":null,"metadata":null,"promotion":null,"refunds":[],"taxes":[],"available_at":1776070800,"created_at":1775657757,"credited_at":1776301200,"paid_at":1775657757,"updated_at":1775657757}}],"payment_intent":{"id":"pi_NHEeTSHqEE6445xNwrM6Ypsg","type":"payment_intent","attributes":{"amount":107000,"capture_type":"automatic","client_key":"pi_NHEeTSHqEE6445xNwrM6Ypsg_client_vZ7F17Bmx3Uxnk6oY9NaE8Xf","currency":"PHP","description":"KapeBara Order","livemode":false,"original_amount":107000,"statement_descriptor":"JOHN SAMUEL GALANG DIZON","status":"succeeded","last_payment_error":null,"payment_method_allowed":["gcash","paymaya","card","dob"],"payments":[{"id":"pay_si2wGpt7KgiL4gNzSXfTeJ7U","type":"payment","attributes":{"access_url":null,"amount":107000,"balance_transaction_id":"bal_txn_3hdx1J9pQu1F92eJSdQV5i8V","billing":{"address":{"city":null,"country":null,"line1":null,"line2":null,"postal_code":null,"state":null},"email":"halilimicahjirelle@gmail.com","name":"Jirelle Halili","phone":"9540674385"},"currency":"PHP","description":"KapeBara Order","digital_withholding_vat_amount":0,"disputed":false,"external_reference_number":null,"fee":2675,"instant_settlement":null,"livemode":false,"net_amount":104325,"origin":"api","payment_intent_id":"pi_NHEeTSHqEE6445xNwrM6Ypsg","payout":null,"source":{"id":"src_FaUh5P6nHuRmfLFiuWYejscr","type":"gcash","provider":{"id":null},"provider_id":null},"statement_descriptor":"JOHN SAMUEL GALANG DIZON","status":"paid","tax_amount":null,"metadata":null,"promotion":null,"refunds":[],"taxes":[],"available_at":1776070800,"created_at":1775657757,"credited_at":1776301200,"paid_at":1775657757,"updated_at":1775657757}}],"next_action":null,"payment_method_options":{"card":{"request_three_d_secure":"any"}},"metadata":null,"setup_future_usage":null,"created_at":1775657733,"updated_at":1775657758}},"payment_method_types":[],"payment_method_used":"gcash","reference_number":null,"send_email_receipt":false,"show_description":true,"show_line_items":true,"status":"active","success_url":"http://localhost/WST/Main/success.html","created_at":1775657733,"updated_at":1775657755,"metadata":null}},"previous_data":{},"pending_webhooks":1,"created_at":1775657759,"updated_at":1775657759}}}
[2026-04-08 16:15:54] DB connected successfully
[2026-04-08 16:15:54] Event type: checkout_session.payment.paid
[2026-04-08 16:15:54] Session ID: cs_b3b6c215ac708f64c7d10dc8
[2026-04-08 16:15:54] Pending order found: YES
[2026-04-08 16:15:54] User ID: 14 | Order total: 1070.00
[2026-04-08 16:15:54] Raw cart rows for user 14: [{"id":92,"user_id":14,"product_id":4,"quantity":2,"created_at":"2026-04-08 22:12:56"},{"id":93,"user_id":14,"product_id":9,"quantity":1,"created_at":"2026-04-08 22:12:58"},{"id":94,"user_id":14,"product_id":7,"quantity":1,"created_at":"2026-04-08 22:13:11"},{"id":95,"user_id":14,"product_id":6,"quantity":1,"created_at":"2026-04-08 22:13:14"},{"id":96,"user_id":14,"product_id":2,"quantity":1,"created_at":"2026-04-08 22:13:17"},{"id":97,"user_id":14,"product_id":10,"quantity":1,"created_at":"2026-04-08 22:13:19"}]
[2026-04-08 16:15:54] Cart items found: 6
[2026-04-08 16:15:54] Cart items data: [{"quantity":2,"price":"140.00","product_id":4},{"quantity":1,"price":"130.00","product_id":9},{"quantity":1,"price":"140.00","product_id":7},{"quantity":1,"price":"140.00","product_id":6},{"quantity":1,"price":"140.00","product_id":2},{"quantity":1,"price":"140.00","product_id":10}]
[2026-04-08 16:15:54] Transaction started
[2026-04-08 16:15:54] Inserting — product_id: 4 | qty: 2 | total: 296.67
[2026-04-08 16:15:54] Inserted successfully for product_id: 4
[2026-04-08 16:15:54] Stock deducted for product_id: 4 | qty deducted: 2
[2026-04-08 16:15:54] Inserting — product_id: 9 | qty: 1 | total: 146.67
[2026-04-08 16:15:54] Inserted successfully for product_id: 9
[2026-04-08 16:15:54] Stock deducted for product_id: 9 | qty deducted: 1
[2026-04-08 16:15:54] Inserting — product_id: 7 | qty: 1 | total: 156.67
[2026-04-08 16:15:54] Inserted successfully for product_id: 7
[2026-04-08 16:15:54] Stock deducted for product_id: 7 | qty deducted: 1
[2026-04-08 16:15:54] Inserting — product_id: 6 | qty: 1 | total: 156.67
[2026-04-08 16:15:54] Inserted successfully for product_id: 6
[2026-04-08 16:15:54] Stock deducted for product_id: 6 | qty deducted: 1
[2026-04-08 16:15:54] Inserting — product_id: 2 | qty: 1 | total: 156.67
[2026-04-08 16:15:54] Inserted successfully for product_id: 2
[2026-04-08 16:15:54] Stock deducted for product_id: 2 | qty deducted: 1
[2026-04-08 16:15:54] Inserting — product_id: 10 | qty: 1 | total: 156.67
[2026-04-08 16:15:54] Inserted successfully for product_id: 10
[2026-04-08 16:15:54] Stock deducted for product_id: 10 | qty deducted: 1
[2026-04-08 16:15:54] Cart cleared for user_id: 14
[2026-04-08 16:15:54] Marked as paid for session_id: cs_b3b6c215ac708f64c7d10dc8
[2026-04-08 16:15:54] === TRANSACTION COMMITTED SUCCESSFULLY ===
[2026-04-08 16:15:54] === WEBHOOK COMPLETE ===
[2026-04-08 18:43:15] === WEBHOOK HIT ===
[2026-04-08 18:43:15] Raw payload: {"data":{"id":"evt_r3majMydYieRC2GMVvPpu8q9","type":"event","attributes":{"type":"checkout_session.payment.paid","livemode":false,"data":{"id":"cs_04bf4a9b2d5ace7b39ea81bc","type":"checkout_session","attributes":{"billing":{"address":{"city":null,"country":null,"line1":null,"line2":null,"postal_code":null,"state":null},"email":null,"name":null,"phone":null},"billing_information_fields_editable":"enabled","cancel_url":"http://localhost/WST/Main/CART.html","checkout_url":"https://checkout.paymongo.com/cs_04bf4a9b2d5ace7b39ea81bc_client_da909a3042a6c01e7bdda794#cGtfdGVzdF8zR3VmYkxEckdkNllFbW45V1lZM2tjTTY=","client_key":"cs_04bf4a9b2d5ace7b39ea81bc_client_da909a3042a6c01e7bdda794","customer_email":null,"customer_id":null,"description":"KapeBara Order","line_items":[{"amount":8000,"currency":"PHP","description":null,"images":[],"name":"Hot Fries","quantity":4},{"amount":10000,"currency":"PHP","description":null,"images":[],"name":"Shipping Fee","quantity":1}],"livemode":false,"merchant":"JOHN SAMUEL GALANG DIZON","paid_at":1775666598,"payments":[{"id":"pay_QBdC7CqjbTTq9KhG7tPnXo3a","type":"payment","attributes":{"access_url":null,"amount":42000,"balance_transaction_id":"bal_txn_CpWFYkHxDRXrpfcW81Rtk6dM","billing":{"address":{"city":null,"country":null,"line1":null,"line2":null,"postal_code":null,"state":null},"email":"halilimicahjirelle@gmail.com","name":"Jirelle Halili","phone":"09302463113"},"currency":"PHP","description":"KapeBara Order","digital_withholding_vat_amount":0,"disputed":false,"external_reference_number":null,"fee":1050,"instant_settlement":null,"livemode":false,"net_amount":40950,"origin":"api","payment_intent_id":"pi_SsZE4S5CHLjrpjBH6kheXHco","payout":null,"source":{"id":"src_neXuuKuNQVvFe7Wav6pbZx8i","type":"gcash","provider":{"id":null},"provider_id":null},"statement_descriptor":"JOHN SAMUEL GALANG DIZON","status":"paid","tax_amount":null,"metadata":null,"promotion":null,"refunds":[],"taxes":[],"available_at":1776070800,"created_at":1775666598,"credited_at":1776301200,"paid_at":1775666598,"updated_at":1775666599}}],"payment_intent":{"id":"pi_SsZE4S5CHLjrpjBH6kheXHco","type":"payment_intent","attributes":{"amount":42000,"capture_type":"automatic","client_key":"pi_SsZE4S5CHLjrpjBH6kheXHco_client_3LMabUK163CFsgBJdcWT7VWW","currency":"PHP","description":"KapeBara Order","livemode":false,"original_amount":42000,"statement_descriptor":"JOHN SAMUEL GALANG DIZON","status":"succeeded","last_payment_error":null,"payment_method_allowed":["dob","paymaya","card","gcash"],"payments":[{"id":"pay_QBdC7CqjbTTq9KhG7tPnXo3a","type":"payment","attributes":{"access_url":null,"amount":42000,"balance_transaction_id":"bal_txn_CpWFYkHxDRXrpfcW81Rtk6dM","billing":{"address":{"city":null,"country":null,"line1":null,"line2":null,"postal_code":null,"state":null},"email":"halilimicahjirelle@gmail.com","name":"Jirelle Halili","phone":"09302463113"},"currency":"PHP","description":"KapeBara Order","digital_withholding_vat_amount":0,"disputed":false,"external_reference_number":null,"fee":1050,"instant_settlement":null,"livemode":false,"net_amount":40950,"origin":"api","payment_intent_id":"pi_SsZE4S5CHLjrpjBH6kheXHco","payout":null,"source":{"id":"src_neXuuKuNQVvFe7Wav6pbZx8i","type":"gcash","provider":{"id":null},"provider_id":null},"statement_descriptor":"JOHN SAMUEL GALANG DIZON","status":"paid","tax_amount":null,"metadata":null,"promotion":null,"refunds":[],"taxes":[],"available_at":1776070800,"created_at":1775666598,"credited_at":1776301200,"paid_at":1775666598,"updated_at":1775666599}}],"next_action":null,"payment_method_options":{"card":{"request_three_d_secure":"any"}},"metadata":null,"setup_future_usage":null,"created_at":1775666579,"updated_at":1775666599}},"payment_method_types":[],"payment_method_used":"gcash","reference_number":null,"send_email_receipt":false,"show_description":true,"show_line_items":true,"status":"active","success_url":"http://localhost/WST/Main/success.html","created_at":1775666579,"updated_at":1775666596,"metadata":null}},"previous_data":{},"pending_webhooks":1,"created_at":1775666600,"updated_at":1775666600}}}
[2026-04-08 18:43:15] DB connected successfully
[2026-04-08 18:43:15] Event type: checkout_session.payment.paid
[2026-04-08 18:43:15] Session ID: cs_04bf4a9b2d5ace7b39ea81bc
[2026-04-08 18:43:15] Pending order found: YES
[2026-04-08 18:43:15] User ID: 14 | Order total: 420.00
[2026-04-08 18:43:15] Raw cart rows for user 14: [{"id":102,"user_id":14,"product_id":14,"quantity":4,"created_at":"2026-04-09 00:37:47"}]
[2026-04-08 18:43:15] Cart items found: 1
[2026-04-08 18:43:15] Cart items data: [{"quantity":4,"price":"80.00","product_id":14}]
[2026-04-08 18:43:15] Transaction started
[2026-04-08 18:43:15] Inserting — product_id: 14 | qty: 4 | total: 420
[2026-04-08 18:43:15] Inserted successfully for product_id: 14
[2026-04-08 18:43:15] Stock deducted for product_id: 14 | qty deducted: 4
[2026-04-08 18:43:15] Cart cleared for user_id: 14
[2026-04-08 18:43:15] Marked as paid for session_id: cs_04bf4a9b2d5ace7b39ea81bc
[2026-04-08 18:43:15] === TRANSACTION COMMITTED SUCCESSFULLY ===
[2026-04-08 18:43:15] === WEBHOOK COMPLETE ===
[2026-04-08 19:33:43] === WEBHOOK HIT ===
[2026-04-08 19:33:43] Raw payload: {"data":{"id":"evt_dFVD9jeGkfm9iB3tf97o4LE5","type":"event","attributes":{"type":"checkout_session.payment.paid","livemode":false,"data":{"id":"cs_a7937b11f7e271353fa782db","type":"checkout_session","attributes":{"billing":{"address":{"city":null,"country":null,"line1":null,"line2":null,"postal_code":null,"state":null},"email":null,"name":null,"phone":null},"billing_information_fields_editable":"enabled","cancel_url":"http://localhost/WST/Main/CART.html","checkout_url":"https://checkout.paymongo.com/cs_a7937b11f7e271353fa782db_client_3bb81ceecc80dda6dfebe688#cGtfdGVzdF8zR3VmYkxEckdkNllFbW45V1lZM2tjTTY=","client_key":"cs_a7937b11f7e271353fa782db_client_3bb81ceecc80dda6dfebe688","customer_email":null,"customer_id":null,"description":"KapeBara Order","line_items":[{"amount":14000,"currency":"PHP","description":null,"images":[],"name":"Taro Frappe","quantity":1},{"amount":14000,"currency":"PHP","description":null,"images":[],"name":"Taro Frappe","quantity":1},{"amount":13000,"currency":"PHP","description":null,"images":[],"name":"Vanilla Latte","quantity":1},{"amount":8000,"currency":"PHP","description":null,"images":[],"name":"Hot Fries","quantity":2},{"amount":14000,"currency":"PHP","description":null,"images":[],"name":"Ranch Fries","quantity":1},{"amount":6000,"currency":"PHP","description":null,"images":[],"name":"Banana Bread","quantity":1},{"amount":9000,"currency":"PHP","description":null,"images":[],"name":"Spanish Bread","quantity":1},{"amount":10000,"currency":"PHP","description":null,"images":[],"name":"Shipping Fee","quantity":1}],"livemode":false,"merchant":"JOHN SAMUEL GALANG DIZON","paid_at":1775669627,"payments":[{"id":"pay_6Tnj5Z9qZCMcfp8dbDgcaz55","type":"payment","attributes":{"access_url":null,"amount":96000,"balance_transaction_id":"bal_txn_xkNm5sfHuqqAvjxst7E7QsdD","billing":{"address":{"city":null,"country":null,"line1":null,"line2":null,"postal_code":null,"state":null},"email":"ronnelvincentomartin@gmail.com","name":"Jenny Rose Delima","phone":"9540674375"},"currency":"PHP","description":"KapeBara Order","digital_withholding_vat_amount":0,"disputed":false,"external_reference_number":null,"fee":2400,"instant_settlement":null,"livemode":false,"net_amount":93600,"origin":"api","payment_intent_id":"pi_SrmWzcWrwoQvPvEWnVNxCvYr","payout":null,"source":{"id":"src_cPZjfh4JMAA74XBSWCQnYwgs","type":"gcash","provider":{"id":null},"provider_id":null},"statement_descriptor":"JOHN SAMUEL GALANG DIZON","status":"paid","tax_amount":null,"metadata":null,"promotion":null,"refunds":[],"taxes":[],"available_at":1776070800,"created_at":1775669627,"credited_at":1776301200,"paid_at":1775669627,"updated_at":1775669627}}],"payment_intent":{"id":"pi_SrmWzcWrwoQvPvEWnVNxCvYr","type":"payment_intent","attributes":{"amount":96000,"capture_type":"automatic","client_key":"pi_SrmWzcWrwoQvPvEWnVNxCvYr_client_wMuRWj4qniL2FCy2xwnvZLwm","currency":"PHP","description":"KapeBara Order","livemode":false,"original_amount":96000,"statement_descriptor":"JOHN SAMUEL GALANG DIZON","status":"succeeded","last_payment_error":null,"payment_method_allowed":["card","gcash","dob","paymaya"],"payments":[{"id":"pay_6Tnj5Z9qZCMcfp8dbDgcaz55","type":"payment","attributes":{"access_url":null,"amount":96000,"balance_transaction_id":"bal_txn_xkNm5sfHuqqAvjxst7E7QsdD","billing":{"address":{"city":null,"country":null,"line1":null,"line2":null,"postal_code":null,"state":null},"email":"ronnelvincentomartin@gmail.com","name":"Jenny Rose Delima","phone":"9540674375"},"currency":"PHP","description":"KapeBara Order","digital_withholding_vat_amount":0,"disputed":false,"external_reference_number":null,"fee":2400,"instant_settlement":null,"livemode":false,"net_amount":93600,"origin":"api","payment_intent_id":"pi_SrmWzcWrwoQvPvEWnVNxCvYr","payout":null,"source":{"id":"src_cPZjfh4JMAA74XBSWCQnYwgs","type":"gcash","provider":{"id":null},"provider_id":null},"statement_descriptor":"JOHN SAMUEL GALANG DIZON","status":"paid","tax_amount":null,"metadata":null,"promotion":null,"refunds":[],"taxes":[],"available_at":1776070800,"created_at":1775669627,"credited_at":1776301200,"paid_at":1775669627,"updated_at":1775669627}}],"next_action":null,"payment_method_options":{"card":{"request_three_d_secure":"any"}},"metadata":null,"setup_future_usage":null,"created_at":1775669617,"updated_at":1775669627}},"payment_method_types":[],"payment_method_used":"gcash","reference_number":null,"send_email_receipt":false,"show_description":true,"show_line_items":true,"status":"active","success_url":"http://localhost/WST/Main/success.html","created_at":1775669617,"updated_at":1775669624,"metadata":null}},"previous_data":{},"pending_webhooks":1,"created_at":1775669628,"updated_at":1775669628}}}
[2026-04-08 19:33:43] DB connected successfully
[2026-04-08 19:33:43] Event type: checkout_session.payment.paid
[2026-04-08 19:33:43] Session ID: cs_a7937b11f7e271353fa782db
[2026-04-08 19:33:43] Pending order found: YES
[2026-04-08 19:33:43] User ID: 14 | Order total: 960.00
[2026-04-08 19:33:43] Raw cart rows for user 14: [{"id":113,"user_id":14,"product_id":3,"quantity":1,"created_at":"2026-04-09 01:33:14"},{"id":114,"user_id":14,"product_id":4,"quantity":1,"created_at":"2026-04-09 01:33:15"},{"id":115,"user_id":14,"product_id":9,"quantity":1,"created_at":"2026-04-09 01:33:16"},{"id":116,"user_id":14,"product_id":14,"quantity":2,"created_at":"2026-04-09 01:33:18"},{"id":117,"user_id":14,"product_id":13,"quantity":1,"created_at":"2026-04-09 01:33:19"},{"id":118,"user_id":14,"product_id":17,"quantity":1,"created_at":"2026-04-09 01:33:20"},{"id":119,"user_id":14,"product_id":15,"quantity":1,"created_at":"2026-04-09 01:33:21"}]
[2026-04-08 19:33:43] Cart items found: 7
[2026-04-08 19:33:43] Cart items data: [{"quantity":1,"price":"140.00","product_id":3},{"quantity":1,"price":"140.00","product_id":4},{"quantity":1,"price":"130.00","product_id":9},{"quantity":2,"price":"80.00","product_id":14},{"quantity":1,"price":"140.00","product_id":13},{"quantity":1,"price":"60.00","product_id":17},{"quantity":1,"price":"90.00","product_id":15}]
[2026-04-08 19:33:43] Transaction started
[2026-04-08 19:33:43] Inserting — product_id: 3 | qty: 1 | total: 154.29
[2026-04-08 19:33:43] Inserted successfully for product_id: 3
[2026-04-08 19:33:43] Stock deducted for product_id: 3 | qty deducted: 1
[2026-04-08 19:33:43] Inserting — product_id: 4 | qty: 1 | total: 154.29
[2026-04-08 19:33:43] Inserted successfully for product_id: 4
[2026-04-08 19:33:43] Stock deducted for product_id: 4 | qty deducted: 1
[2026-04-08 19:33:43] Inserting — product_id: 9 | qty: 1 | total: 144.29
[2026-04-08 19:33:43] Inserted successfully for product_id: 9
[2026-04-08 19:33:43] Stock deducted for product_id: 9 | qty deducted: 1
[2026-04-08 19:33:43] Inserting — product_id: 14 | qty: 2 | total: 174.29
[2026-04-08 19:33:43] Inserted successfully for product_id: 14
[2026-04-08 19:33:43] Stock deducted for product_id: 14 | qty deducted: 2
[2026-04-08 19:33:43] Inserting — product_id: 13 | qty: 1 | total: 154.29
[2026-04-08 19:33:43] Inserted successfully for product_id: 13
[2026-04-08 19:33:43] Stock deducted for product_id: 13 | qty deducted: 1
[2026-04-08 19:33:44] Inserting — product_id: 17 | qty: 1 | total: 74.29
[2026-04-08 19:33:44] Inserted successfully for product_id: 17
[2026-04-08 19:33:44] Stock deducted for product_id: 17 | qty deducted: 1
[2026-04-08 19:33:44] Inserting — product_id: 15 | qty: 1 | total: 104.29
[2026-04-08 19:33:44] Inserted successfully for product_id: 15
[2026-04-08 19:33:44] Stock deducted for product_id: 15 | qty deducted: 1
[2026-04-08 19:33:44] Cart cleared for user_id: 14
[2026-04-08 19:33:44] Marked as paid for session_id: cs_a7937b11f7e271353fa782db
[2026-04-08 19:33:44] === TRANSACTION COMMITTED SUCCESSFULLY ===
[2026-04-08 19:33:44] === WEBHOOK COMPLETE ===
[2026-04-08 19:36:25] === WEBHOOK HIT ===
[2026-04-08 19:36:25] Raw payload: {"data":{"id":"evt_D4c441SwTBRMg59bzMFUxTVj","type":"event","attributes":{"type":"checkout_session.payment.paid","livemode":false,"data":{"id":"cs_bc50e62504eb0a9ea161d749","type":"checkout_session","attributes":{"billing":{"address":{"city":null,"country":null,"line1":null,"line2":null,"postal_code":null,"state":null},"email":null,"name":null,"phone":null},"billing_information_fields_editable":"enabled","cancel_url":"http://localhost/WST/Main/CART.html","checkout_url":"https://checkout.paymongo.com/cs_bc50e62504eb0a9ea161d749_client_23924634f56527767ed65829#cGtfdGVzdF8zR3VmYkxEckdkNllFbW45V1lZM2tjTTY=","client_key":"cs_bc50e62504eb0a9ea161d749_client_23924634f56527767ed65829","customer_email":null,"customer_id":null,"description":"KapeBara Order","line_items":[{"amount":14000,"currency":"PHP","description":null,"images":[],"name":"Taro Frappe","quantity":1},{"amount":14000,"currency":"PHP","description":null,"images":[],"name":"Taro Frappe","quantity":1},{"amount":14000,"currency":"PHP","description":null,"images":[],"name":"Lavander Frappe","quantity":1},{"amount":14000,"currency":"PHP","description":null,"images":[],"name":"Spanish Latte","quantity":1},{"amount":8000,"currency":"PHP","description":null,"images":[],"name":"Cheesy Fries","quantity":1},{"amount":14000,"currency":"PHP","description":null,"images":[],"name":"Taro Frappe","quantity":1},{"amount":6000,"currency":"PHP","description":null,"images":[],"name":"Donut","quantity":1},{"amount":6000,"currency":"PHP","description":null,"images":[],"name":"Banana Bread","quantity":1},{"amount":10000,"currency":"PHP","description":null,"images":[],"name":"Shipping Fee","quantity":1}],"livemode":false,"merchant":"JOHN SAMUEL GALANG DIZON","paid_at":1775669788,"payments":[{"id":"pay_RoqZ8kbzoMhNrVcZzCJSsm4P","type":"payment","attributes":{"access_url":null,"amount":100000,"balance_transaction_id":"bal_txn_gvTAQQczDq32GThf5oUgDbge","billing":{"address":{"city":null,"country":null,"line1":null,"line2":null,"postal_code":null,"state":null},"email":"halilimicahjirelle@gmail.com","name":"Jirelle Halili","phone":"9540674399"},"currency":"PHP","description":"KapeBara Order","digital_withholding_vat_amount":0,"disputed":false,"external_reference_number":null,"fee":2500,"instant_settlement":null,"livemode":false,"net_amount":97500,"origin":"api","payment_intent_id":"pi_v6gFvJLAwYaFx3LmrFxH8NzP","payout":null,"source":{"id":"src_Q7oHm8TkjE1fHG8PNbsfUt9g","type":"gcash","provider":{"id":null},"provider_id":null},"statement_descriptor":"JOHN SAMUEL GALANG DIZON","status":"paid","tax_amount":null,"metadata":null,"promotion":null,"refunds":[],"taxes":[],"available_at":1776070800,"created_at":1775669788,"credited_at":1776301200,"paid_at":1775669788,"updated_at":1775669788}}],"payment_intent":{"id":"pi_v6gFvJLAwYaFx3LmrFxH8NzP","type":"payment_intent","attributes":{"amount":100000,"capture_type":"automatic","client_key":"pi_v6gFvJLAwYaFx3LmrFxH8NzP_client_yHZdg5rF75vt3gzZQz57bsAb","currency":"PHP","description":"KapeBara Order","livemode":false,"original_amount":100000,"statement_descriptor":"JOHN SAMUEL GALANG DIZON","status":"succeeded","last_payment_error":null,"payment_method_allowed":["paymaya","dob","gcash","card"],"payments":[{"id":"pay_RoqZ8kbzoMhNrVcZzCJSsm4P","type":"payment","attributes":{"access_url":null,"amount":100000,"balance_transaction_id":"bal_txn_gvTAQQczDq32GThf5oUgDbge","billing":{"address":{"city":null,"country":null,"line1":null,"line2":null,"postal_code":null,"state":null},"email":"halilimicahjirelle@gmail.com","name":"Jirelle Halili","phone":"9540674399"},"currency":"PHP","description":"KapeBara Order","digital_withholding_vat_amount":0,"disputed":false,"external_reference_number":null,"fee":2500,"instant_settlement":null,"livemode":false,"net_amount":97500,"origin":"api","payment_intent_id":"pi_v6gFvJLAwYaFx3LmrFxH8NzP","payout":null,"source":{"id":"src_Q7oHm8TkjE1fHG8PNbsfUt9g","type":"gcash","provider":{"id":null},"provider_id":null},"statement_descriptor":"JOHN SAMUEL GALANG DIZON","status":"paid","tax_amount":null,"metadata":null,"promotion":null,"refunds":[],"taxes":[],"available_at":1776070800,"created_at":1775669788,"credited_at":1776301200,"paid_at":1775669788,"updated_at":1775669788}}],"next_action":null,"payment_method_options":{"card":{"request_three_d_secure":"any"}},"metadata":null,"setup_future_usage":null,"created_at":1775669778,"updated_at":1775669788}},"payment_method_types":[],"payment_method_used":"gcash","reference_number":null,"send_email_receipt":false,"show_description":true,"show_line_items":true,"status":"active","success_url":"http://localhost/WST/Main/success.html","created_at":1775669778,"updated_at":1775669786,"metadata":null}},"previous_data":{},"pending_webhooks":1,"created_at":1775669790,"updated_at":1775669790}}}
[2026-04-08 19:36:25] DB connected successfully
[2026-04-08 19:36:25] Event type: checkout_session.payment.paid
[2026-04-08 19:36:25] Session ID: cs_bc50e62504eb0a9ea161d749
[2026-04-08 19:36:25] Pending order found: YES
[2026-04-08 19:36:25] User ID: 14 | Order total: 1000.00
[2026-04-08 19:36:25] Raw cart rows for user 14: [{"id":120,"user_id":14,"product_id":1,"quantity":1,"created_at":"2026-04-09 01:36:02"},{"id":121,"user_id":14,"product_id":2,"quantity":1,"created_at":"2026-04-09 01:36:03"},{"id":122,"user_id":14,"product_id":6,"quantity":1,"created_at":"2026-04-09 01:36:04"},{"id":123,"user_id":14,"product_id":7,"quantity":1,"created_at":"2026-04-09 01:36:05"},{"id":124,"user_id":14,"product_id":12,"quantity":1,"created_at":"2026-04-09 01:36:06"},{"id":125,"user_id":14,"product_id":11,"quantity":1,"created_at":"2026-04-09 01:36:07"},{"id":126,"user_id":14,"product_id":16,"quantity":1,"created_at":"2026-04-09 01:36:08"},{"id":127,"user_id":14,"product_id":17,"quantity":1,"created_at":"2026-04-09 01:36:09"}]
[2026-04-08 19:36:25] Cart items found: 8
[2026-04-08 19:36:25] Cart items data: [{"quantity":1,"price":"140.00","product_id":1},{"quantity":1,"price":"140.00","product_id":2},{"quantity":1,"price":"140.00","product_id":6},{"quantity":1,"price":"140.00","product_id":7},{"quantity":1,"price":"80.00","product_id":12},{"quantity":1,"price":"140.00","product_id":11},{"quantity":1,"price":"60.00","product_id":16},{"quantity":1,"price":"60.00","product_id":17}]
[2026-04-08 19:36:25] Transaction started
[2026-04-08 19:36:25] Inserting — product_id: 1 | qty: 1 | total: 152.5
[2026-04-08 19:36:25] Inserted successfully for product_id: 1
[2026-04-08 19:36:25] Stock deducted for product_id: 1 | qty deducted: 1
[2026-04-08 19:36:25] Inserting — product_id: 2 | qty: 1 | total: 152.5
[2026-04-08 19:36:25] Inserted successfully for product_id: 2
[2026-04-08 19:36:25] Stock deducted for product_id: 2 | qty deducted: 1
[2026-04-08 19:36:25] Inserting — product_id: 6 | qty: 1 | total: 152.5
[2026-04-08 19:36:25] Inserted successfully for product_id: 6
[2026-04-08 19:36:25] Stock deducted for product_id: 6 | qty deducted: 1
[2026-04-08 19:36:25] Inserting — product_id: 7 | qty: 1 | total: 152.5
[2026-04-08 19:36:25] Inserted successfully for product_id: 7
[2026-04-08 19:36:25] Stock deducted for product_id: 7 | qty deducted: 1
[2026-04-08 19:36:25] Inserting — product_id: 12 | qty: 1 | total: 92.5
[2026-04-08 19:36:25] Inserted successfully for product_id: 12
[2026-04-08 19:36:25] Stock deducted for product_id: 12 | qty deducted: 1
[2026-04-08 19:36:25] Inserting — product_id: 11 | qty: 1 | total: 152.5
[2026-04-08 19:36:25] Inserted successfully for product_id: 11
[2026-04-08 19:36:25] Stock deducted for product_id: 11 | qty deducted: 1
[2026-04-08 19:36:25] Inserting — product_id: 16 | qty: 1 | total: 72.5
[2026-04-08 19:36:25] Inserted successfully for product_id: 16
[2026-04-08 19:36:25] Stock deducted for product_id: 16 | qty deducted: 1
[2026-04-08 19:36:25] Inserting — product_id: 17 | qty: 1 | total: 72.5
[2026-04-08 19:36:25] Inserted successfully for product_id: 17
[2026-04-08 19:36:25] Stock deducted for product_id: 17 | qty deducted: 1
[2026-04-08 19:36:25] Cart cleared for user_id: 14
[2026-04-08 19:36:25] Marked as paid for session_id: cs_bc50e62504eb0a9ea161d749
[2026-04-08 19:36:25] === TRANSACTION COMMITTED SUCCESSFULLY ===
[2026-04-08 19:36:25] === WEBHOOK COMPLETE ===
[2026-04-17 17:10:39] === WEBHOOK HIT ===
[2026-04-17 17:10:39] Raw payload: {"data":{"id":"evt_EUjkFB5xzgYzLiq8TCiQvTpp","type":"event","attributes":{"type":"checkout_session.payment.paid","livemode":false,"data":{"id":"cs_191653280e3a0162a8e9ba5f","type":"checkout_session","attributes":{"billing":{"address":{"city":null,"country":null,"line1":null,"line2":null,"postal_code":null,"state":null},"email":null,"name":null,"phone":null},"billing_information_fields_editable":"enabled","cancel_url":"http://localhost/WST/Main/CART.html","checkout_url":"https://checkout.paymongo.com/cs_191653280e3a0162a8e9ba5f_client_378c118cfae1eea0832d6f01#cGtfdGVzdF8zR3VmYkxEckdkNllFbW45V1lZM2tjTTY=","client_key":"cs_191653280e3a0162a8e9ba5f_client_378c118cfae1eea0832d6f01","customer_email":null,"customer_id":null,"description":"KapeBara Guest Order","line_items":[{"amount":14000,"currency":"PHP","description":null,"images":[],"name":"Taro Frappe","quantity":1},{"amount":13000,"currency":"PHP","description":null,"images":[],"name":"Vanilla Latte","quantity":1},{"amount":14000,"currency":"PHP","description":null,"images":[],"name":"Halo-Halo","quantity":1},{"amount":10000,"currency":"PHP","description":null,"images":[],"name":"Shipping Fee","quantity":1}],"livemode":false,"merchant":"JOHN SAMUEL GALANG DIZON","paid_at":1776438637,"payments":[{"id":"pay_8dnoJFZ3DqjWknfYE27umwZc","type":"payment","attributes":{"access_url":null,"amount":51000,"balance_transaction_id":"bal_txn_i5uTytZMwxkzW2sFU2CYrXFW","billing":{"address":{"city":null,"country":null,"line1":null,"line2":null,"postal_code":null,"state":null},"email":"samgreen22diz@gmail.com","name":"John Samuel Dizon","phone":"09092034621"},"currency":"PHP","description":"KapeBara Guest Order","digital_withholding_vat_amount":0,"disputed":false,"external_reference_number":null,"fee":1275,"instant_settlement":null,"livemode":false,"net_amount":49725,"origin":"api","payment_intent_id":"pi_JAvdsZi2caHTZLr9AZ6wKp1U","payout":null,"source":{"id":"src_brbtoAemkDotZ7kY3G6P1J6T","type":"gcash","provider":{"id":null},"provider_id":null},"statement_descriptor":"JOHN SAMUEL GALANG DIZON","status":"paid","tax_amount":null,"metadata":null,"promotion":null,"refunds":[],"taxes":[],"available_at":1776848400,"created_at":1776438637,"credited_at":1776906000,"paid_at":1776438637,"updated_at":1776438637}}],"payment_intent":{"id":"pi_JAvdsZi2caHTZLr9AZ6wKp1U","type":"payment_intent","attributes":{"amount":51000,"capture_type":"automatic","client_key":"pi_JAvdsZi2caHTZLr9AZ6wKp1U_client_YSLQHjxeDPUtG8Jj86217VeK","currency":"PHP","description":"KapeBara Guest Order","livemode":false,"original_amount":51000,"statement_descriptor":"JOHN SAMUEL GALANG DIZON","status":"succeeded","last_payment_error":null,"payment_method_allowed":["paymaya","gcash","dob","card"],"payments":[{"id":"pay_8dnoJFZ3DqjWknfYE27umwZc","type":"payment","attributes":{"access_url":null,"amount":51000,"balance_transaction_id":"bal_txn_i5uTytZMwxkzW2sFU2CYrXFW","billing":{"address":{"city":null,"country":null,"line1":null,"line2":null,"postal_code":null,"state":null},"email":"samgreen22diz@gmail.com","name":"John Samuel Dizon","phone":"09092034621"},"currency":"PHP","description":"KapeBara Guest Order","digital_withholding_vat_amount":0,"disputed":false,"external_reference_number":null,"fee":1275,"instant_settlement":null,"livemode":false,"net_amount":49725,"origin":"api","payment_intent_id":"pi_JAvdsZi2caHTZLr9AZ6wKp1U","payout":null,"source":{"id":"src_brbtoAemkDotZ7kY3G6P1J6T","type":"gcash","provider":{"id":null},"provider_id":null},"statement_descriptor":"JOHN SAMUEL GALANG DIZON","status":"paid","tax_amount":null,"metadata":null,"promotion":null,"refunds":[],"taxes":[],"available_at":1776848400,"created_at":1776438637,"credited_at":1776906000,"paid_at":1776438637,"updated_at":1776438637}}],"next_action":null,"payment_method_options":{"card":{"request_three_d_secure":"any"}},"metadata":null,"setup_future_usage":null,"created_at":1776438622,"updated_at":1776438638}},"payment_method_types":[],"payment_method_used":"gcash","reference_number":null,"send_email_receipt":false,"show_description":true,"show_line_items":true,"status":"active","success_url":"http://localhost/WST/Main/success.html","created_at":1776438622,"updated_at":1776438632,"metadata":null}},"previous_data":{},"pending_webhooks":1,"created_at":1776438639,"updated_at":1776438639}}}
[2026-04-17 17:10:39] DB connected successfully
[2026-04-17 17:10:39] Event type: checkout_session.payment.paid
[2026-04-17 17:10:39] Session ID: cs_191653280e3a0162a8e9ba5f
[2026-04-17 17:10:39] Pending order found: YES
[2026-04-17 17:10:39] User ID:  | Order total: 510.00
[2026-04-17 17:10:39] Guest order committed for session: cs_191653280e3a0162a8e9ba5f
[2026-04-17 17:10:39] === WEBHOOK COMPLETE ===
[2026-04-17 17:57:37] === WEBHOOK HIT ===
[2026-04-17 17:57:37] Raw payload: {"data":{"id":"evt_4knCLd5swPAtfRAZ69qMZE2u","type":"event","attributes":{"type":"checkout_session.payment.paid","livemode":false,"data":{"id":"cs_855e8ea0ab3b68256842ef36","type":"checkout_session","attributes":{"billing":{"address":{"city":null,"country":null,"line1":null,"line2":null,"postal_code":null,"state":null},"email":null,"name":null,"phone":null},"billing_information_fields_editable":"enabled","cancel_url":"http://localhost/WST/Main/CART.html","checkout_url":"https://checkout.paymongo.com/cs_855e8ea0ab3b68256842ef36_client_40fb1abcfe827201d30faef7#cGtfdGVzdF8zR3VmYkxEckdkNllFbW45V1lZM2tjTTY=","client_key":"cs_855e8ea0ab3b68256842ef36_client_40fb1abcfe827201d30faef7","customer_email":null,"customer_id":null,"description":"KapeBara Guest Order","line_items":[{"amount":10000,"currency":"PHP","description":null,"images":[],"name":"Kape Amerikano","quantity":1},{"amount":13000,"currency":"PHP","description":null,"images":[],"name":"Vanilla Latte","quantity":1},{"amount":10000,"currency":"PHP","description":null,"images":[],"name":"Shipping Fee","quantity":1}],"livemode":false,"merchant":"JOHN SAMUEL GALANG DIZON","paid_at":1776441455,"payments":[{"id":"pay_PVtwLvEXZdNvFDLCSZJsaWTM","type":"payment","attributes":{"access_url":null,"amount":33000,"balance_transaction_id":"bal_txn_n5zMJc3dtKMn2dYfxCEroVqg","billing":{"address":{"city":null,"country":null,"line1":null,"line2":null,"postal_code":null,"state":null},"email":"samgreen22diz@gmail.com","name":"John Samuel Dizon","phone":"09092034621"},"currency":"PHP","description":"KapeBara Guest Order","digital_withholding_vat_amount":0,"disputed":false,"external_reference_number":null,"fee":825,"instant_settlement":null,"livemode":false,"net_amount":32175,"origin":"api","payment_intent_id":"pi_eNNnfz9QfcmGc9nZfxreFG1R","payout":null,"source":{"id":"src_txWkkFy9jd3fn4S7Vj6gzK2Z","type":"gcash","provider":{"id":null},"provider_id":null},"statement_descriptor":"JOHN SAMUEL GALANG DIZON","status":"paid","tax_amount":null,"metadata":null,"promotion":null,"refunds":[],"taxes":[],"available_at":1776848400,"created_at":1776441456,"credited_at":1776906000,"paid_at":1776441455,"updated_at":1776441456}}],"payment_intent":{"id":"pi_eNNnfz9QfcmGc9nZfxreFG1R","type":"payment_intent","attributes":{"amount":33000,"capture_type":"automatic","client_key":"pi_eNNnfz9QfcmGc9nZfxreFG1R_client_9GbNZb5NQPFThxgoXcHJACju","currency":"PHP","description":"KapeBara Guest Order","livemode":false,"original_amount":33000,"statement_descriptor":"JOHN SAMUEL GALANG DIZON","status":"succeeded","last_payment_error":null,"payment_method_allowed":["gcash","paymaya","dob","card"],"payments":[{"id":"pay_PVtwLvEXZdNvFDLCSZJsaWTM","type":"payment","attributes":{"access_url":null,"amount":33000,"balance_transaction_id":"bal_txn_n5zMJc3dtKMn2dYfxCEroVqg","billing":{"address":{"city":null,"country":null,"line1":null,"line2":null,"postal_code":null,"state":null},"email":"samgreen22diz@gmail.com","name":"John Samuel Dizon","phone":"09092034621"},"currency":"PHP","description":"KapeBara Guest Order","digital_withholding_vat_amount":0,"disputed":false,"external_reference_number":null,"fee":825,"instant_settlement":null,"livemode":false,"net_amount":32175,"origin":"api","payment_intent_id":"pi_eNNnfz9QfcmGc9nZfxreFG1R","payout":null,"source":{"id":"src_txWkkFy9jd3fn4S7Vj6gzK2Z","type":"gcash","provider":{"id":null},"provider_id":null},"statement_descriptor":"JOHN SAMUEL GALANG DIZON","status":"paid","tax_amount":null,"metadata":null,"promotion":null,"refunds":[],"taxes":[],"available_at":1776848400,"created_at":1776441456,"credited_at":1776906000,"paid_at":1776441455,"updated_at":1776441456}}],"next_action":null,"payment_method_options":{"card":{"request_three_d_secure":"any"}},"metadata":null,"setup_future_usage":null,"created_at":1776441441,"updated_at":1776441456}},"payment_method_types":[],"payment_method_used":"gcash","reference_number":null,"send_email_receipt":false,"show_description":true,"show_line_items":true,"status":"active","success_url":"http://localhost/WST/Main/success.html","created_at":1776441441,"updated_at":1776441453,"metadata":null}},"previous_data":{},"pending_webhooks":1,"created_at":1776441457,"updated_at":1776441457}}}
[2026-04-17 17:57:37] DB connected successfully
[2026-04-17 17:57:37] Event type: checkout_session.payment.paid
[2026-04-17 17:57:37] Session ID: cs_855e8ea0ab3b68256842ef36
[2026-04-17 17:57:37] Pending order found: YES
[2026-04-17 17:57:37] User ID:  | Order total: 330.00
[2026-04-17 17:57:37] Guest order committed for session: cs_855e8ea0ab3b68256842ef36
[2026-04-17 17:57:37] === WEBHOOK COMPLETE ===
[2026-04-17 17:58:48] === WEBHOOK HIT ===
[2026-04-17 17:58:48] Raw payload: {"data":{"id":"evt_cYCtXKx5NmwSauntD6K9e5E2","type":"event","attributes":{"type":"checkout_session.payment.paid","livemode":false,"data":{"id":"cs_7c9d2ddda31c5a9923589629","type":"checkout_session","attributes":{"billing":{"address":{"city":null,"country":null,"line1":null,"line2":null,"postal_code":null,"state":null},"email":null,"name":null,"phone":null},"billing_information_fields_editable":"enabled","cancel_url":"http://localhost/WST/Main/CART.html","checkout_url":"https://checkout.paymongo.com/cs_7c9d2ddda31c5a9923589629_client_ff5eaa312d3fb437fa55b9af#cGtfdGVzdF8zR3VmYkxEckdkNllFbW45V1lZM2tjTTY=","client_key":"cs_7c9d2ddda31c5a9923589629_client_ff5eaa312d3fb437fa55b9af","customer_email":null,"customer_id":null,"description":"KapeBara Guest Order","line_items":[{"amount":10000,"currency":"PHP","description":null,"images":[],"name":"Kape Amerikano","quantity":1},{"amount":13000,"currency":"PHP","description":null,"images":[],"name":"Vanilla Latte","quantity":1},{"amount":10000,"currency":"PHP","description":null,"images":[],"name":"Shipping Fee","quantity":1}],"livemode":false,"merchant":"JOHN SAMUEL GALANG DIZON","paid_at":1776441527,"payments":[{"id":"pay_4tgTwnLwmZXTEAwJ9CEMCFqH","type":"payment","attributes":{"access_url":null,"amount":33000,"balance_transaction_id":"bal_txn_w9y6Jsn6jboTKbkSxB897WTn","billing":{"address":{"city":null,"country":null,"line1":null,"line2":null,"postal_code":null,"state":null},"email":"samgreen22diz@gmail.com","name":"John Samuel Dizon","phone":"09092034621"},"currency":"PHP","description":"KapeBara Guest Order","digital_withholding_vat_amount":0,"disputed":false,"external_reference_number":null,"fee":825,"instant_settlement":null,"livemode":false,"net_amount":32175,"origin":"api","payment_intent_id":"pi_QAeJh1HE6XLbfsZ1vgpqPLKu","payout":null,"source":{"id":"src_XgGaGBtdyMeQsZx5g7V6uVjv","type":"gcash","provider":{"id":null},"provider_id":null},"statement_descriptor":"JOHN SAMUEL GALANG DIZON","status":"paid","tax_amount":null,"metadata":null,"promotion":null,"refunds":[],"taxes":[],"available_at":1776848400,"created_at":1776441527,"credited_at":1776906000,"paid_at":1776441527,"updated_at":1776441527}}],"payment_intent":{"id":"pi_QAeJh1HE6XLbfsZ1vgpqPLKu","type":"payment_intent","attributes":{"amount":33000,"capture_type":"automatic","client_key":"pi_QAeJh1HE6XLbfsZ1vgpqPLKu_client_tm7EKQ1t5uYFK8QbnfdumqbD","currency":"PHP","description":"KapeBara Guest Order","livemode":false,"original_amount":33000,"statement_descriptor":"JOHN SAMUEL GALANG DIZON","status":"succeeded","last_payment_error":null,"payment_method_allowed":["card","gcash","dob","paymaya"],"payments":[{"id":"pay_4tgTwnLwmZXTEAwJ9CEMCFqH","type":"payment","attributes":{"access_url":null,"amount":33000,"balance_transaction_id":"bal_txn_w9y6Jsn6jboTKbkSxB897WTn","billing":{"address":{"city":null,"country":null,"line1":null,"line2":null,"postal_code":null,"state":null},"email":"samgreen22diz@gmail.com","name":"John Samuel Dizon","phone":"09092034621"},"currency":"PHP","description":"KapeBara Guest Order","digital_withholding_vat_amount":0,"disputed":false,"external_reference_number":null,"fee":825,"instant_settlement":null,"livemode":false,"net_amount":32175,"origin":"api","payment_intent_id":"pi_QAeJh1HE6XLbfsZ1vgpqPLKu","payout":null,"source":{"id":"src_XgGaGBtdyMeQsZx5g7V6uVjv","type":"gcash","provider":{"id":null},"provider_id":null},"statement_descriptor":"JOHN SAMUEL GALANG DIZON","status":"paid","tax_amount":null,"metadata":null,"promotion":null,"refunds":[],"taxes":[],"available_at":1776848400,"created_at":1776441527,"credited_at":1776906000,"paid_at":1776441527,"updated_at":1776441527}}],"next_action":null,"payment_method_options":{"card":{"request_three_d_secure":"any"}},"metadata":null,"setup_future_usage":null,"created_at":1776441508,"updated_at":1776441527}},"payment_method_types":[],"payment_method_used":"gcash","reference_number":null,"send_email_receipt":false,"show_description":true,"show_line_items":true,"status":"active","success_url":"http://localhost/WST/Main/success.html","created_at":1776441509,"updated_at":1776441521,"metadata":null}},"previous_data":{},"pending_webhooks":1,"created_at":1776441528,"updated_at":1776441528}}}
[2026-04-17 17:58:48] DB connected successfully
[2026-04-17 17:58:48] Event type: checkout_session.payment.paid
[2026-04-17 17:58:48] Session ID: cs_7c9d2ddda31c5a9923589629
[2026-04-17 17:58:48] Pending order found: YES
[2026-04-17 17:58:48] User ID:  | Order total: 330.00
[2026-04-17 17:58:48] Guest order committed for session: cs_7c9d2ddda31c5a9923589629
[2026-04-17 17:58:48] === WEBHOOK COMPLETE ===
[2026-04-17 18:07:14] === WEBHOOK HIT ===
[2026-04-17 18:07:14] Raw payload: {"data":{"id":"evt_A1tNCN7kXPdVhqd4ekMWNvN5","type":"event","attributes":{"type":"checkout_session.payment.paid","livemode":false,"data":{"id":"cs_1e4ce3676170dd50d70c3eb0","type":"checkout_session","attributes":{"billing":{"address":{"city":null,"country":null,"line1":null,"line2":null,"postal_code":null,"state":null},"email":null,"name":null,"phone":null},"billing_information_fields_editable":"enabled","cancel_url":"http://localhost/WST/Main/CART.html","checkout_url":"https://checkout.paymongo.com/cs_1e4ce3676170dd50d70c3eb0_client_f689e2f18220e6e14458e458#cGtfdGVzdF8zR3VmYkxEckdkNllFbW45V1lZM2tjTTY=","client_key":"cs_1e4ce3676170dd50d70c3eb0_client_f689e2f18220e6e14458e458","customer_email":null,"customer_id":null,"description":"KapeBara Guest Order","line_items":[{"amount":10000,"currency":"PHP","description":null,"images":[],"name":"Kape Amerikano","quantity":1},{"amount":13000,"currency":"PHP","description":null,"images":[],"name":"Vanilla Latte","quantity":1},{"amount":10000,"currency":"PHP","description":null,"images":[],"name":"Shipping Fee","quantity":1}],"livemode":false,"merchant":"JOHN SAMUEL GALANG DIZON","paid_at":1776442032,"payments":[{"id":"pay_HojxAwgtdEMcZRQK2j8PS9wf","type":"payment","attributes":{"access_url":null,"amount":33000,"balance_transaction_id":"bal_txn_PgcEFcwiNH2gq3ajLaKY2dEG","billing":{"address":{"city":null,"country":null,"line1":null,"line2":null,"postal_code":null,"state":null},"email":"samgreen22diz@gmail.com","name":"John Samuel Dizon","phone":"09092034621"},"currency":"PHP","description":"KapeBara Guest Order","digital_withholding_vat_amount":0,"disputed":false,"external_reference_number":null,"fee":825,"instant_settlement":null,"livemode":false,"net_amount":32175,"origin":"api","payment_intent_id":"pi_e4zdnEF6N1VwJmB439XKKPxW","payout":null,"source":{"id":"src_D9S597SBeN8M4S93JMTd9Lta","type":"gcash","provider":{"id":null},"provider_id":null},"statement_descriptor":"JOHN SAMUEL GALANG DIZON","status":"paid","tax_amount":null,"metadata":null,"promotion":null,"refunds":[],"taxes":[],"available_at":1776848400,"created_at":1776442032,"credited_at":1776906000,"paid_at":1776442032,"updated_at":1776442032}}],"payment_intent":{"id":"pi_e4zdnEF6N1VwJmB439XKKPxW","type":"payment_intent","attributes":{"amount":33000,"capture_type":"automatic","client_key":"pi_e4zdnEF6N1VwJmB439XKKPxW_client_hYAtteATUDBeNC18UCqAHCXe","currency":"PHP","description":"KapeBara Guest Order","livemode":false,"original_amount":33000,"statement_descriptor":"JOHN SAMUEL GALANG DIZON","status":"succeeded","last_payment_error":null,"payment_method_allowed":["dob","card","paymaya","gcash"],"payments":[{"id":"pay_HojxAwgtdEMcZRQK2j8PS9wf","type":"payment","attributes":{"access_url":null,"amount":33000,"balance_transaction_id":"bal_txn_PgcEFcwiNH2gq3ajLaKY2dEG","billing":{"address":{"city":null,"country":null,"line1":null,"line2":null,"postal_code":null,"state":null},"email":"samgreen22diz@gmail.com","name":"John Samuel Dizon","phone":"09092034621"},"currency":"PHP","description":"KapeBara Guest Order","digital_withholding_vat_amount":0,"disputed":false,"external_reference_number":null,"fee":825,"instant_settlement":null,"livemode":false,"net_amount":32175,"origin":"api","payment_intent_id":"pi_e4zdnEF6N1VwJmB439XKKPxW","payout":null,"source":{"id":"src_D9S597SBeN8M4S93JMTd9Lta","type":"gcash","provider":{"id":null},"provider_id":null},"statement_descriptor":"JOHN SAMUEL GALANG DIZON","status":"paid","tax_amount":null,"metadata":null,"promotion":null,"refunds":[],"taxes":[],"available_at":1776848400,"created_at":1776442032,"credited_at":1776906000,"paid_at":1776442032,"updated_at":1776442032}}],"next_action":null,"payment_method_options":{"card":{"request_three_d_secure":"any"}},"metadata":null,"setup_future_usage":null,"created_at":1776442025,"updated_at":1776442032}},"payment_method_types":[],"payment_method_used":"gcash","reference_number":null,"send_email_receipt":false,"show_description":true,"show_line_items":true,"status":"active","success_url":"http://localhost/WST/Main/success.html","created_at":1776442026,"updated_at":1776442030,"metadata":null}},"previous_data":{},"pending_webhooks":1,"created_at":1776442034,"updated_at":1776442034}}}
[2026-04-17 18:07:14] DB connected successfully
[2026-04-17 18:07:14] Event type: checkout_session.payment.paid
[2026-04-17 18:07:14] Session ID: cs_1e4ce3676170dd50d70c3eb0
[2026-04-17 18:07:14] Pending order found: YES
[2026-04-17 18:07:14] User ID:  | Order total: 330.00
[2026-04-17 18:07:14] INSERTED SUCCESSFULLY
[2026-04-17 18:07:14] INSERTED SUCCESSFULLY
[2026-04-17 18:07:14] Guest order committed for session: cs_1e4ce3676170dd50d70c3eb0
[2026-04-17 18:07:14] === WEBHOOK COMPLETE ===
[2026-04-17 18:09:38] === WEBHOOK HIT ===
[2026-04-17 18:09:38] Raw payload: {"data":{"id":"evt_Vj6agcrmPMBDao6pkUFNsmzg","type":"event","attributes":{"type":"checkout_session.payment.paid","livemode":false,"data":{"id":"cs_91266ff73b66942816404963","type":"checkout_session","attributes":{"billing":{"address":{"city":null,"country":null,"line1":null,"line2":null,"postal_code":null,"state":null},"email":null,"name":null,"phone":null},"billing_information_fields_editable":"enabled","cancel_url":"http://localhost/WST/Main/CART.html","checkout_url":"https://checkout.paymongo.com/cs_91266ff73b66942816404963_client_9deb47029fa7b300648d2782#cGtfdGVzdF8zR3VmYkxEckdkNllFbW45V1lZM2tjTTY=","client_key":"cs_91266ff73b66942816404963_client_9deb47029fa7b300648d2782","customer_email":null,"customer_id":null,"description":"KapeBara Order","line_items":[{"amount":10000,"currency":"PHP","description":null,"images":[],"name":"Kape Amerikano","quantity":1},{"amount":13000,"currency":"PHP","description":null,"images":[],"name":"Vanilla Latte","quantity":1},{"amount":14000,"currency":"PHP","description":null,"images":[],"name":"Dark Choco","quantity":1},{"amount":10000,"currency":"PHP","description":null,"images":[],"name":"Shipping Fee","quantity":1}],"livemode":false,"merchant":"JOHN SAMUEL GALANG DIZON","paid_at":1776442176,"payments":[{"id":"pay_hWvEtPUvxsqJFJ3RSm4JzSqT","type":"payment","attributes":{"access_url":null,"amount":47000,"balance_transaction_id":"bal_txn_q9qxneRmJWmFCej6pQnN5NVP","billing":{"address":{"city":null,"country":null,"line1":null,"line2":null,"postal_code":null,"state":null},"email":"samgreen22diz@gmail.com","name":"John Samuel Dizon","phone":"09092034621"},"currency":"PHP","description":"KapeBara Order","digital_withholding_vat_amount":0,"disputed":false,"external_reference_number":null,"fee":1175,"instant_settlement":null,"livemode":false,"net_amount":45825,"origin":"api","payment_intent_id":"pi_3q6WvXzC8hDeddNWuAgMc2Hx","payout":null,"source":{"id":"src_UwoB56u1aqZPVGMaUnFsrsiB","type":"gcash","provider":{"id":null},"provider_id":null},"statement_descriptor":"JOHN SAMUEL GALANG DIZON","status":"paid","tax_amount":null,"metadata":null,"promotion":null,"refunds":[],"taxes":[],"available_at":1776848400,"created_at":1776442176,"credited_at":1776906000,"paid_at":1776442176,"updated_at":1776442177}}],"payment_intent":{"id":"pi_3q6WvXzC8hDeddNWuAgMc2Hx","type":"payment_intent","attributes":{"amount":47000,"capture_type":"automatic","client_key":"pi_3q6WvXzC8hDeddNWuAgMc2Hx_client_akfPx1TteWyhx2BTApnfQxC3","currency":"PHP","description":"KapeBara Order","livemode":false,"original_amount":47000,"statement_descriptor":"JOHN SAMUEL GALANG DIZON","status":"succeeded","last_payment_error":null,"payment_method_allowed":["paymaya","dob","gcash","card"],"payments":[{"id":"pay_hWvEtPUvxsqJFJ3RSm4JzSqT","type":"payment","attributes":{"access_url":null,"amount":47000,"balance_transaction_id":"bal_txn_q9qxneRmJWmFCej6pQnN5NVP","billing":{"address":{"city":null,"country":null,"line1":null,"line2":null,"postal_code":null,"state":null},"email":"samgreen22diz@gmail.com","name":"John Samuel Dizon","phone":"09092034621"},"currency":"PHP","description":"KapeBara Order","digital_withholding_vat_amount":0,"disputed":false,"external_reference_number":null,"fee":1175,"instant_settlement":null,"livemode":false,"net_amount":45825,"origin":"api","payment_intent_id":"pi_3q6WvXzC8hDeddNWuAgMc2Hx","payout":null,"source":{"id":"src_UwoB56u1aqZPVGMaUnFsrsiB","type":"gcash","provider":{"id":null},"provider_id":null},"statement_descriptor":"JOHN SAMUEL GALANG DIZON","status":"paid","tax_amount":null,"metadata":null,"promotion":null,"refunds":[],"taxes":[],"available_at":1776848400,"created_at":1776442176,"credited_at":1776906000,"paid_at":1776442176,"updated_at":1776442177}}],"next_action":null,"payment_method_options":{"card":{"request_three_d_secure":"any"}},"metadata":null,"setup_future_usage":null,"created_at":1776442167,"updated_at":1776442177}},"payment_method_types":[],"payment_method_used":"gcash","reference_number":null,"send_email_receipt":false,"show_description":true,"show_line_items":true,"status":"active","success_url":"http://localhost/WST/Main/success.html","created_at":1776442167,"updated_at":1776442174,"metadata":null}},"previous_data":{},"pending_webhooks":1,"created_at":1776442178,"updated_at":1776442178}}}
[2026-04-17 18:09:38] DB connected successfully
[2026-04-17 18:09:38] Event type: checkout_session.payment.paid
[2026-04-17 18:09:38] Session ID: cs_91266ff73b66942816404963
[2026-04-17 18:09:38] Pending order found: YES
[2026-04-17 18:09:38] User ID: 13 | Order total: 470.00
[2026-04-17 18:09:38] Raw cart rows for user 13: [{"id":129,"user_id":13,"product_id":4,"quantity":1,"created_at":"2026-04-18 00:09:10"},{"id":130,"user_id":13,"product_id":5,"quantity":1,"created_at":"2026-04-18 00:09:11"},{"id":131,"user_id":13,"product_id":8,"quantity":1,"created_at":"2026-04-18 00:09:12"}]
[2026-04-17 18:09:38] Cart items found: 3
[2026-04-17 18:09:38] Cart items data: [{"quantity":1,"price":"100.00","product_id":4},{"quantity":1,"price":"130.00","product_id":5},{"quantity":1,"price":"140.00","product_id":8}]
[2026-04-17 18:09:38] Transaction started
[2026-04-17 18:09:38] Inserting — product_id: 4 | qty: 1 | total: 133.33
[2026-04-17 18:09:38] Inserted successfully for product_id: 4
[2026-04-17 18:09:38] Stock deducted for product_id: 4 | qty deducted: 1
[2026-04-17 18:09:38] Inserting — product_id: 5 | qty: 1 | total: 163.33
[2026-04-17 18:09:38] Inserted successfully for product_id: 5
[2026-04-17 18:09:38] Stock deducted for product_id: 5 | qty deducted: 1
[2026-04-17 18:09:38] Inserting — product_id: 8 | qty: 1 | total: 173.33
[2026-04-17 18:09:38] Inserted successfully for product_id: 8
[2026-04-17 18:09:38] Stock deducted for product_id: 8 | qty deducted: 1
[2026-04-17 18:09:38] Cart cleared for user_id: 13
[2026-04-17 18:09:38] Marked as paid for session_id: cs_91266ff73b66942816404963
[2026-04-17 18:09:38] === TRANSACTION COMMITTED SUCCESSFULLY ===
[2026-04-17 18:09:38] === WEBHOOK COMPLETE ===
[2026-04-18 13:34:23] === WEBHOOK HIT ===
[2026-04-18 13:34:23] Raw payload: {"data":{"id":"evt_ziiwv8fvvhViXDMMZKSTLg47","type":"event","attributes":{"type":"checkout_session.payment.paid","livemode":false,"data":{"id":"cs_c55b108bc9ff9b929e481758","type":"checkout_session","attributes":{"billing":{"address":{"city":null,"country":null,"line1":null,"line2":null,"postal_code":null,"state":null},"email":null,"name":null,"phone":null},"billing_information_fields_editable":"enabled","cancel_url":"http://localhost/WST/Main/CART.html","checkout_url":"https://checkout.paymongo.com/cs_c55b108bc9ff9b929e481758_client_cbef612aaac26c5f96801df6#cGtfdGVzdF8zR3VmYkxEckdkNllFbW45V1lZM2tjTTY=","client_key":"cs_c55b108bc9ff9b929e481758_client_cbef612aaac26c5f96801df6","customer_email":null,"customer_id":null,"description":"KapeBara Order","line_items":[{"amount":14000,"currency":"PHP","description":null,"images":[],"name":"Caramel Macchiato","quantity":2},{"amount":14000,"currency":"PHP","description":null,"images":[],"name":"Taro Frappe","quantity":1},{"amount":10000,"currency":"PHP","description":null,"images":[],"name":"Americano","quantity":1},{"amount":6000,"currency":"PHP","description":null,"images":[],"name":"Banana Bread","quantity":1},{"amount":8000,"currency":"PHP","description":null,"images":[],"name":"Ranch Fries","quantity":1},{"amount":8000,"currency":"PHP","description":null,"images":[],"name":"Hot Fries","quantity":1},{"amount":10000,"currency":"PHP","description":null,"images":[],"name":"Shipping Fee","quantity":1}],"livemode":false,"merchant":"JOHN SAMUEL GALANG DIZON","paid_at":1776511985,"payments":[{"id":"pay_EuqZAi77cJmK5GY6Kp1hBBRA","type":"payment","attributes":{"access_url":null,"amount":84000,"balance_transaction_id":"bal_txn_SToeZVTB78CqQNS5kKhamyff","billing":{"address":{"city":null,"country":null,"line1":null,"line2":null,"postal_code":null,"state":null},"email":"samgreen22diz@gmail.com","name":"John Samuel Dizon","phone":"09092034621"},"currency":"PHP","description":"KapeBara Order","digital_withholding_vat_amount":0,"disputed":false,"external_reference_number":null,"fee":2100,"instant_settlement":null,"livemode":false,"net_amount":81900,"origin":"api","payment_intent_id":"pi_YsBK3r5ppK2uPJs7ShhYgNNx","payout":null,"source":{"id":"src_GepE5scYX7HNAPWrZmgbo8UH","type":"gcash","provider":{"id":null},"provider_id":null},"statement_descriptor":"JOHN SAMUEL GALANG DIZON","status":"paid","tax_amount":null,"metadata":null,"promotion":null,"refunds":[],"taxes":[],"available_at":1776848400,"created_at":1776511986,"credited_at":1776906000,"paid_at":1776511985,"updated_at":1776511986}}],"payment_intent":{"id":"pi_YsBK3r5ppK2uPJs7ShhYgNNx","type":"payment_intent","attributes":{"amount":84000,"capture_type":"automatic","client_key":"pi_YsBK3r5ppK2uPJs7ShhYgNNx_client_MKxQaS1HUQT82nngF5KxWYpX","currency":"PHP","description":"KapeBara Order","livemode":false,"original_amount":84000,"statement_descriptor":"JOHN SAMUEL GALANG DIZON","status":"succeeded","last_payment_error":null,"payment_method_allowed":["paymaya","card","gcash","dob"],"payments":[{"id":"pay_EuqZAi77cJmK5GY6Kp1hBBRA","type":"payment","attributes":{"access_url":null,"amount":84000,"balance_transaction_id":"bal_txn_SToeZVTB78CqQNS5kKhamyff","billing":{"address":{"city":null,"country":null,"line1":null,"line2":null,"postal_code":null,"state":null},"email":"samgreen22diz@gmail.com","name":"John Samuel Dizon","phone":"09092034621"},"currency":"PHP","description":"KapeBara Order","digital_withholding_vat_amount":0,"disputed":false,"external_reference_number":null,"fee":2100,"instant_settlement":null,"livemode":false,"net_amount":81900,"origin":"api","payment_intent_id":"pi_YsBK3r5ppK2uPJs7ShhYgNNx","payout":null,"source":{"id":"src_GepE5scYX7HNAPWrZmgbo8UH","type":"gcash","provider":{"id":null},"provider_id":null},"statement_descriptor":"JOHN SAMUEL GALANG DIZON","status":"paid","tax_amount":null,"metadata":null,"promotion":null,"refunds":[],"taxes":[],"available_at":1776848400,"created_at":1776511986,"credited_at":1776906000,"paid_at":1776511985,"updated_at":1776511986}}],"next_action":null,"payment_method_options":{"card":{"request_three_d_secure":"any"}},"metadata":null,"setup_future_usage":null,"created_at":1776511977,"updated_at":1776511986}},"payment_method_types":[],"payment_method_used":"gcash","reference_number":null,"send_email_receipt":false,"show_description":true,"show_line_items":true,"status":"active","success_url":"http://localhost/WST/Main/success.html","created_at":1776511977,"updated_at":1776511983,"metadata":null}},"previous_data":{},"pending_webhooks":1,"created_at":1776511987,"updated_at":1776511987}}}
[2026-04-18 13:34:23] DB connected successfully
[2026-04-18 13:34:23] Event type: checkout_session.payment.paid
[2026-04-18 13:34:23] Session ID: cs_c55b108bc9ff9b929e481758
[2026-04-18 13:34:23] Pending order found: YES
[2026-04-18 13:34:23] User ID: 13 | Order total: 840.00
[2026-04-18 13:34:23] Raw cart rows for user 13: [{"id":30,"user_id":13,"product_id":1,"quantity":2,"created_at":"2026-04-07 19:30:49"},{"id":31,"user_id":13,"product_id":3,"quantity":1,"created_at":"2026-04-07 19:30:51"},{"id":32,"user_id":13,"product_id":4,"quantity":1,"created_at":"2026-04-07 19:30:53"},{"id":33,"user_id":13,"product_id":17,"quantity":1,"created_at":"2026-04-07 19:30:57"},{"id":35,"user_id":13,"product_id":13,"quantity":1,"created_at":"2026-04-07 19:31:01"},{"id":36,"user_id":13,"product_id":14,"quantity":1,"created_at":"2026-04-07 19:31:02"}]
[2026-04-18 13:34:23] Cart items found: 6
[2026-04-18 13:34:23] Cart items data: [{"quantity":2,"price":"140.00","product_id":1},{"quantity":1,"price":"140.00","product_id":3},{"quantity":1,"price":"100.00","product_id":4},{"quantity":1,"price":"60.00","product_id":17},{"quantity":1,"price":"80.00","product_id":13},{"quantity":1,"price":"80.00","product_id":14}]
[2026-04-18 13:34:23] Transaction started
[2026-04-18 13:34:23] CAUGHT EXCEPTION: Unknown column 'user_id' in 'field list'
[2026-04-18 13:34:23] DB last error: 
[2026-04-18 13:34:39] === WEBHOOK HIT ===
[2026-04-18 13:34:39] Raw payload: {"data":{"id":"evt_TyT7XrhXpTincqqAATJGC7oi","type":"event","attributes":{"type":"checkout_session.payment.paid","livemode":false,"data":{"id":"cs_6dfd903640d6f593579a8cff","type":"checkout_session","attributes":{"billing":{"address":{"city":null,"country":null,"line1":null,"line2":null,"postal_code":null,"state":null},"email":null,"name":null,"phone":null},"billing_information_fields_editable":"enabled","cancel_url":"http://localhost/WST/Main/CART.html","checkout_url":"https://checkout.paymongo.com/cs_6dfd903640d6f593579a8cff_client_58ae75c408e9536d05dd1de4#cGtfdGVzdF8zR3VmYkxEckdkNllFbW45V1lZM2tjTTY=","client_key":"cs_6dfd903640d6f593579a8cff_client_58ae75c408e9536d05dd1de4","customer_email":null,"customer_id":null,"description":"KapeBara Order","line_items":[{"amount":14000,"currency":"PHP","description":null,"images":[],"name":"Caramel Macchiato","quantity":2},{"amount":14000,"currency":"PHP","description":null,"images":[],"name":"Taro Frappe","quantity":1},{"amount":10000,"currency":"PHP","description":null,"images":[],"name":"Americano","quantity":1},{"amount":6000,"currency":"PHP","description":null,"images":[],"name":"Banana Bread","quantity":1},{"amount":8000,"currency":"PHP","description":null,"images":[],"name":"Ranch Fries","quantity":1},{"amount":8000,"currency":"PHP","description":null,"images":[],"name":"Hot Fries","quantity":1},{"amount":10000,"currency":"PHP","description":null,"images":[],"name":"Shipping Fee","quantity":1}],"livemode":false,"merchant":"JOHN SAMUEL GALANG DIZON","paid_at":1776512079,"payments":[{"id":"pay_3exeXDYz46xZx3tk6iNyXAnx","type":"payment","attributes":{"access_url":null,"amount":84000,"balance_transaction_id":"bal_txn_1aqBQueHr6dxBmmANZdVqqga","billing":{"address":{"city":null,"country":null,"line1":null,"line2":null,"postal_code":null,"state":null},"email":"samgreen22diz@gmail.com","name":"John Samuel Dizon","phone":"09092034621"},"currency":"PHP","description":"KapeBara Order","digital_withholding_vat_amount":0,"disputed":false,"external_reference_number":null,"fee":2100,"instant_settlement":null,"livemode":false,"net_amount":81900,"origin":"api","payment_intent_id":"pi_HtSXGe2SbGoRWfdzMdcT2Pu9","payout":null,"source":{"id":"src_eSUAAhTRFVta8wcNYYCkctRk","type":"gcash","provider":{"id":null},"provider_id":null},"statement_descriptor":"JOHN SAMUEL GALANG DIZON","status":"paid","tax_amount":null,"metadata":null,"promotion":null,"refunds":[],"taxes":[],"available_at":1776848400,"created_at":1776512079,"credited_at":1776906000,"paid_at":1776512079,"updated_at":1776512079}}],"payment_intent":{"id":"pi_HtSXGe2SbGoRWfdzMdcT2Pu9","type":"payment_intent","attributes":{"amount":84000,"capture_type":"automatic","client_key":"pi_HtSXGe2SbGoRWfdzMdcT2Pu9_client_KuNz9t1kyVyrjgKMpfQuxKhd","currency":"PHP","description":"KapeBara Order","livemode":false,"original_amount":84000,"statement_descriptor":"JOHN SAMUEL GALANG DIZON","status":"succeeded","last_payment_error":null,"payment_method_allowed":["dob","gcash","paymaya","card"],"payments":[{"id":"pay_3exeXDYz46xZx3tk6iNyXAnx","type":"payment","attributes":{"access_url":null,"amount":84000,"balance_transaction_id":"bal_txn_1aqBQueHr6dxBmmANZdVqqga","billing":{"address":{"city":null,"country":null,"line1":null,"line2":null,"postal_code":null,"state":null},"email":"samgreen22diz@gmail.com","name":"John Samuel Dizon","phone":"09092034621"},"currency":"PHP","description":"KapeBara Order","digital_withholding_vat_amount":0,"disputed":false,"external_reference_number":null,"fee":2100,"instant_settlement":null,"livemode":false,"net_amount":81900,"origin":"api","payment_intent_id":"pi_HtSXGe2SbGoRWfdzMdcT2Pu9","payout":null,"source":{"id":"src_eSUAAhTRFVta8wcNYYCkctRk","type":"gcash","provider":{"id":null},"provider_id":null},"statement_descriptor":"JOHN SAMUEL GALANG DIZON","status":"paid","tax_amount":null,"metadata":null,"promotion":null,"refunds":[],"taxes":[],"available_at":1776848400,"created_at":1776512079,"credited_at":1776906000,"paid_at":1776512079,"updated_at":1776512079}}],"next_action":null,"payment_method_options":{"card":{"request_three_d_secure":"any"}},"metadata":null,"setup_future_usage":null,"created_at":1776512073,"updated_at":1776512079}},"payment_method_types":[],"payment_method_used":"gcash","reference_number":null,"send_email_receipt":false,"show_description":true,"show_line_items":true,"status":"active","success_url":"http://localhost/WST/Main/success.html","created_at":1776512073,"updated_at":1776512077,"metadata":null}},"previous_data":{},"pending_webhooks":1,"created_at":1776512080,"updated_at":1776512080}}}
[2026-04-18 13:34:39] DB connected successfully
[2026-04-18 13:34:39] Event type: checkout_session.payment.paid
[2026-04-18 13:34:39] Session ID: cs_6dfd903640d6f593579a8cff
[2026-04-18 13:34:39] Pending order found: YES
[2026-04-18 13:34:39] User ID: 13 | Order total: 840.00
[2026-04-18 13:34:39] Raw cart rows for user 13: [{"id":30,"user_id":13,"product_id":1,"quantity":2,"created_at":"2026-04-07 19:30:49"},{"id":31,"user_id":13,"product_id":3,"quantity":1,"created_at":"2026-04-07 19:30:51"},{"id":32,"user_id":13,"product_id":4,"quantity":1,"created_at":"2026-04-07 19:30:53"},{"id":33,"user_id":13,"product_id":17,"quantity":1,"created_at":"2026-04-07 19:30:57"},{"id":35,"user_id":13,"product_id":13,"quantity":1,"created_at":"2026-04-07 19:31:01"},{"id":36,"user_id":13,"product_id":14,"quantity":1,"created_at":"2026-04-07 19:31:02"}]
[2026-04-18 13:34:39] Cart items found: 6
[2026-04-18 13:34:39] Cart items data: [{"quantity":2,"price":"140.00","product_id":1},{"quantity":1,"price":"140.00","product_id":3},{"quantity":1,"price":"100.00","product_id":4},{"quantity":1,"price":"60.00","product_id":17},{"quantity":1,"price":"80.00","product_id":13},{"quantity":1,"price":"80.00","product_id":14}]
[2026-04-18 13:34:39] Transaction started
[2026-04-18 13:34:39] CAUGHT EXCEPTION: Unknown column 'user_id' in 'field list'
[2026-04-18 13:34:39] DB last error: 
[2026-04-18 13:34:45] === WEBHOOK HIT ===
[2026-04-18 13:34:45] Raw payload: {"data":{"id":"evt_TyT7XrhXpTincqqAATJGC7oi","type":"event","attributes":{"type":"checkout_session.payment.paid","livemode":false,"data":{"id":"cs_6dfd903640d6f593579a8cff","type":"checkout_session","attributes":{"billing":{"address":{"city":null,"country":null,"line1":null,"line2":null,"postal_code":null,"state":null},"email":null,"name":null,"phone":null},"billing_information_fields_editable":"enabled","cancel_url":"http://localhost/WST/Main/CART.html","checkout_url":"https://checkout.paymongo.com/cs_6dfd903640d6f593579a8cff_client_58ae75c408e9536d05dd1de4#cGtfdGVzdF8zR3VmYkxEckdkNllFbW45V1lZM2tjTTY=","client_key":"cs_6dfd903640d6f593579a8cff_client_58ae75c408e9536d05dd1de4","customer_email":null,"customer_id":null,"description":"KapeBara Order","line_items":[{"amount":14000,"currency":"PHP","description":null,"images":[],"name":"Caramel Macchiato","quantity":2},{"amount":14000,"currency":"PHP","description":null,"images":[],"name":"Taro Frappe","quantity":1},{"amount":10000,"currency":"PHP","description":null,"images":[],"name":"Americano","quantity":1},{"amount":6000,"currency":"PHP","description":null,"images":[],"name":"Banana Bread","quantity":1},{"amount":8000,"currency":"PHP","description":null,"images":[],"name":"Ranch Fries","quantity":1},{"amount":8000,"currency":"PHP","description":null,"images":[],"name":"Hot Fries","quantity":1},{"amount":10000,"currency":"PHP","description":null,"images":[],"name":"Shipping Fee","quantity":1}],"livemode":false,"merchant":"JOHN SAMUEL GALANG DIZON","paid_at":1776512079,"payments":[{"id":"pay_3exeXDYz46xZx3tk6iNyXAnx","type":"payment","attributes":{"access_url":null,"amount":84000,"balance_transaction_id":"bal_txn_1aqBQueHr6dxBmmANZdVqqga","billing":{"address":{"city":null,"country":null,"line1":null,"line2":null,"postal_code":null,"state":null},"email":"samgreen22diz@gmail.com","name":"John Samuel Dizon","phone":"09092034621"},"currency":"PHP","description":"KapeBara Order","digital_withholding_vat_amount":0,"disputed":false,"external_reference_number":null,"fee":2100,"instant_settlement":null,"livemode":false,"net_amount":81900,"origin":"api","payment_intent_id":"pi_HtSXGe2SbGoRWfdzMdcT2Pu9","payout":null,"source":{"id":"src_eSUAAhTRFVta8wcNYYCkctRk","type":"gcash","provider":{"id":null},"provider_id":null},"statement_descriptor":"JOHN SAMUEL GALANG DIZON","status":"paid","tax_amount":null,"metadata":null,"promotion":null,"refunds":[],"taxes":[],"available_at":1776848400,"created_at":1776512079,"credited_at":1776906000,"paid_at":1776512079,"updated_at":1776512079}}],"payment_intent":{"id":"pi_HtSXGe2SbGoRWfdzMdcT2Pu9","type":"payment_intent","attributes":{"amount":84000,"capture_type":"automatic","client_key":"pi_HtSXGe2SbGoRWfdzMdcT2Pu9_client_KuNz9t1kyVyrjgKMpfQuxKhd","currency":"PHP","description":"KapeBara Order","livemode":false,"original_amount":84000,"statement_descriptor":"JOHN SAMUEL GALANG DIZON","status":"succeeded","last_payment_error":null,"payment_method_allowed":["dob","gcash","paymaya","card"],"payments":[{"id":"pay_3exeXDYz46xZx3tk6iNyXAnx","type":"payment","attributes":{"access_url":null,"amount":84000,"balance_transaction_id":"bal_txn_1aqBQueHr6dxBmmANZdVqqga","billing":{"address":{"city":null,"country":null,"line1":null,"line2":null,"postal_code":null,"state":null},"email":"samgreen22diz@gmail.com","name":"John Samuel Dizon","phone":"09092034621"},"currency":"PHP","description":"KapeBara Order","digital_withholding_vat_amount":0,"disputed":false,"external_reference_number":null,"fee":2100,"instant_settlement":null,"livemode":false,"net_amount":81900,"origin":"api","payment_intent_id":"pi_HtSXGe2SbGoRWfdzMdcT2Pu9","payout":null,"source":{"id":"src_eSUAAhTRFVta8wcNYYCkctRk","type":"gcash","provider":{"id":null},"provider_id":null},"statement_descriptor":"JOHN SAMUEL GALANG DIZON","status":"paid","tax_amount":null,"metadata":null,"promotion":null,"refunds":[],"taxes":[],"available_at":1776848400,"created_at":1776512079,"credited_at":1776906000,"paid_at":1776512079,"updated_at":1776512079}}],"next_action":null,"payment_method_options":{"card":{"request_three_d_secure":"any"}},"metadata":null,"setup_future_usage":null,"created_at":1776512073,"updated_at":1776512079}},"payment_method_types":[],"payment_method_used":"gcash","reference_number":null,"send_email_receipt":false,"show_description":true,"show_line_items":true,"status":"active","success_url":"http://localhost/WST/Main/success.html","created_at":1776512073,"updated_at":1776512077,"metadata":null}},"previous_data":{},"pending_webhooks":1,"created_at":1776512080,"updated_at":1776512080}}}
[2026-04-18 13:34:45] DB connected successfully
[2026-04-18 13:34:45] Event type: checkout_session.payment.paid
[2026-04-18 13:34:45] Session ID: cs_6dfd903640d6f593579a8cff
[2026-04-18 13:34:45] Pending order found: YES
[2026-04-18 13:34:45] User ID: 13 | Order total: 840.00
[2026-04-18 13:34:45] Raw cart rows for user 13: [{"id":30,"user_id":13,"product_id":1,"quantity":2,"created_at":"2026-04-07 19:30:49"},{"id":31,"user_id":13,"product_id":3,"quantity":1,"created_at":"2026-04-07 19:30:51"},{"id":32,"user_id":13,"product_id":4,"quantity":1,"created_at":"2026-04-07 19:30:53"},{"id":33,"user_id":13,"product_id":17,"quantity":1,"created_at":"2026-04-07 19:30:57"},{"id":35,"user_id":13,"product_id":13,"quantity":1,"created_at":"2026-04-07 19:31:01"},{"id":36,"user_id":13,"product_id":14,"quantity":1,"created_at":"2026-04-07 19:31:02"}]
[2026-04-18 13:34:45] Cart items found: 6
[2026-04-18 13:34:45] Cart items data: [{"quantity":2,"price":"140.00","product_id":1},{"quantity":1,"price":"140.00","product_id":3},{"quantity":1,"price":"100.00","product_id":4},{"quantity":1,"price":"60.00","product_id":17},{"quantity":1,"price":"80.00","product_id":13},{"quantity":1,"price":"80.00","product_id":14}]
[2026-04-18 13:34:45] Transaction started
[2026-04-18 13:34:45] CAUGHT EXCEPTION: Unknown column 'user_id' in 'field list'
[2026-04-18 13:34:45] DB last error: 
[2026-04-18 13:34:56] === WEBHOOK HIT ===
[2026-04-18 13:34:56] Raw payload: {"data":{"id":"evt_TyT7XrhXpTincqqAATJGC7oi","type":"event","attributes":{"type":"checkout_session.payment.paid","livemode":false,"data":{"id":"cs_6dfd903640d6f593579a8cff","type":"checkout_session","attributes":{"billing":{"address":{"city":null,"country":null,"line1":null,"line2":null,"postal_code":null,"state":null},"email":null,"name":null,"phone":null},"billing_information_fields_editable":"enabled","cancel_url":"http://localhost/WST/Main/CART.html","checkout_url":"https://checkout.paymongo.com/cs_6dfd903640d6f593579a8cff_client_58ae75c408e9536d05dd1de4#cGtfdGVzdF8zR3VmYkxEckdkNllFbW45V1lZM2tjTTY=","client_key":"cs_6dfd903640d6f593579a8cff_client_58ae75c408e9536d05dd1de4","customer_email":null,"customer_id":null,"description":"KapeBara Order","line_items":[{"amount":14000,"currency":"PHP","description":null,"images":[],"name":"Caramel Macchiato","quantity":2},{"amount":14000,"currency":"PHP","description":null,"images":[],"name":"Taro Frappe","quantity":1},{"amount":10000,"currency":"PHP","description":null,"images":[],"name":"Americano","quantity":1},{"amount":6000,"currency":"PHP","description":null,"images":[],"name":"Banana Bread","quantity":1},{"amount":8000,"currency":"PHP","description":null,"images":[],"name":"Ranch Fries","quantity":1},{"amount":8000,"currency":"PHP","description":null,"images":[],"name":"Hot Fries","quantity":1},{"amount":10000,"currency":"PHP","description":null,"images":[],"name":"Shipping Fee","quantity":1}],"livemode":false,"merchant":"JOHN SAMUEL GALANG DIZON","paid_at":1776512079,"payments":[{"id":"pay_3exeXDYz46xZx3tk6iNyXAnx","type":"payment","attributes":{"access_url":null,"amount":84000,"balance_transaction_id":"bal_txn_1aqBQueHr6dxBmmANZdVqqga","billing":{"address":{"city":null,"country":null,"line1":null,"line2":null,"postal_code":null,"state":null},"email":"samgreen22diz@gmail.com","name":"John Samuel Dizon","phone":"09092034621"},"currency":"PHP","description":"KapeBara Order","digital_withholding_vat_amount":0,"disputed":false,"external_reference_number":null,"fee":2100,"instant_settlement":null,"livemode":false,"net_amount":81900,"origin":"api","payment_intent_id":"pi_HtSXGe2SbGoRWfdzMdcT2Pu9","payout":null,"source":{"id":"src_eSUAAhTRFVta8wcNYYCkctRk","type":"gcash","provider":{"id":null},"provider_id":null},"statement_descriptor":"JOHN SAMUEL GALANG DIZON","status":"paid","tax_amount":null,"metadata":null,"promotion":null,"refunds":[],"taxes":[],"available_at":1776848400,"created_at":1776512079,"credited_at":1776906000,"paid_at":1776512079,"updated_at":1776512079}}],"payment_intent":{"id":"pi_HtSXGe2SbGoRWfdzMdcT2Pu9","type":"payment_intent","attributes":{"amount":84000,"capture_type":"automatic","client_key":"pi_HtSXGe2SbGoRWfdzMdcT2Pu9_client_KuNz9t1kyVyrjgKMpfQuxKhd","currency":"PHP","description":"KapeBara Order","livemode":false,"original_amount":84000,"statement_descriptor":"JOHN SAMUEL GALANG DIZON","status":"succeeded","last_payment_error":null,"payment_method_allowed":["dob","gcash","paymaya","card"],"payments":[{"id":"pay_3exeXDYz46xZx3tk6iNyXAnx","type":"payment","attributes":{"access_url":null,"amount":84000,"balance_transaction_id":"bal_txn_1aqBQueHr6dxBmmANZdVqqga","billing":{"address":{"city":null,"country":null,"line1":null,"line2":null,"postal_code":null,"state":null},"email":"samgreen22diz@gmail.com","name":"John Samuel Dizon","phone":"09092034621"},"currency":"PHP","description":"KapeBara Order","digital_withholding_vat_amount":0,"disputed":false,"external_reference_number":null,"fee":2100,"instant_settlement":null,"livemode":false,"net_amount":81900,"origin":"api","payment_intent_id":"pi_HtSXGe2SbGoRWfdzMdcT2Pu9","payout":null,"source":{"id":"src_eSUAAhTRFVta8wcNYYCkctRk","type":"gcash","provider":{"id":null},"provider_id":null},"statement_descriptor":"JOHN SAMUEL GALANG DIZON","status":"paid","tax_amount":null,"metadata":null,"promotion":null,"refunds":[],"taxes":[],"available_at":1776848400,"created_at":1776512079,"credited_at":1776906000,"paid_at":1776512079,"updated_at":1776512079}}],"next_action":null,"payment_method_options":{"card":{"request_three_d_secure":"any"}},"metadata":null,"setup_future_usage":null,"created_at":1776512073,"updated_at":1776512079}},"payment_method_types":[],"payment_method_used":"gcash","reference_number":null,"send_email_receipt":false,"show_description":true,"show_line_items":true,"status":"active","success_url":"http://localhost/WST/Main/success.html","created_at":1776512073,"updated_at":1776512077,"metadata":null}},"previous_data":{},"pending_webhooks":1,"created_at":1776512080,"updated_at":1776512080}}}
[2026-04-18 13:34:56] DB connected successfully
[2026-04-18 13:34:56] Event type: checkout_session.payment.paid
[2026-04-18 13:34:56] Session ID: cs_6dfd903640d6f593579a8cff
[2026-04-18 13:34:56] Pending order found: YES
[2026-04-18 13:34:56] User ID: 13 | Order total: 840.00
[2026-04-18 13:34:56] Raw cart rows for user 13: [{"id":30,"user_id":13,"product_id":1,"quantity":2,"created_at":"2026-04-07 19:30:49"},{"id":31,"user_id":13,"product_id":3,"quantity":1,"created_at":"2026-04-07 19:30:51"},{"id":32,"user_id":13,"product_id":4,"quantity":1,"created_at":"2026-04-07 19:30:53"},{"id":33,"user_id":13,"product_id":17,"quantity":1,"created_at":"2026-04-07 19:30:57"},{"id":35,"user_id":13,"product_id":13,"quantity":1,"created_at":"2026-04-07 19:31:01"},{"id":36,"user_id":13,"product_id":14,"quantity":1,"created_at":"2026-04-07 19:31:02"}]
[2026-04-18 13:34:56] Cart items found: 6
[2026-04-18 13:34:56] Cart items data: [{"quantity":2,"price":"140.00","product_id":1},{"quantity":1,"price":"140.00","product_id":3},{"quantity":1,"price":"100.00","product_id":4},{"quantity":1,"price":"60.00","product_id":17},{"quantity":1,"price":"80.00","product_id":13},{"quantity":1,"price":"80.00","product_id":14}]
[2026-04-18 13:34:56] Transaction started
[2026-04-18 13:34:56] CAUGHT EXCEPTION: Unknown column 'user_id' in 'field list'
[2026-04-18 13:34:56] DB last error: 
[2026-04-18 13:35:11] === WEBHOOK HIT ===
[2026-04-18 13:35:11] Raw payload: {"data":{"id":"evt_TyT7XrhXpTincqqAATJGC7oi","type":"event","attributes":{"type":"checkout_session.payment.paid","livemode":false,"data":{"id":"cs_6dfd903640d6f593579a8cff","type":"checkout_session","attributes":{"billing":{"address":{"city":null,"country":null,"line1":null,"line2":null,"postal_code":null,"state":null},"email":null,"name":null,"phone":null},"billing_information_fields_editable":"enabled","cancel_url":"http://localhost/WST/Main/CART.html","checkout_url":"https://checkout.paymongo.com/cs_6dfd903640d6f593579a8cff_client_58ae75c408e9536d05dd1de4#cGtfdGVzdF8zR3VmYkxEckdkNllFbW45V1lZM2tjTTY=","client_key":"cs_6dfd903640d6f593579a8cff_client_58ae75c408e9536d05dd1de4","customer_email":null,"customer_id":null,"description":"KapeBara Order","line_items":[{"amount":14000,"currency":"PHP","description":null,"images":[],"name":"Caramel Macchiato","quantity":2},{"amount":14000,"currency":"PHP","description":null,"images":[],"name":"Taro Frappe","quantity":1},{"amount":10000,"currency":"PHP","description":null,"images":[],"name":"Americano","quantity":1},{"amount":6000,"currency":"PHP","description":null,"images":[],"name":"Banana Bread","quantity":1},{"amount":8000,"currency":"PHP","description":null,"images":[],"name":"Ranch Fries","quantity":1},{"amount":8000,"currency":"PHP","description":null,"images":[],"name":"Hot Fries","quantity":1},{"amount":10000,"currency":"PHP","description":null,"images":[],"name":"Shipping Fee","quantity":1}],"livemode":false,"merchant":"JOHN SAMUEL GALANG DIZON","paid_at":1776512079,"payments":[{"id":"pay_3exeXDYz46xZx3tk6iNyXAnx","type":"payment","attributes":{"access_url":null,"amount":84000,"balance_transaction_id":"bal_txn_1aqBQueHr6dxBmmANZdVqqga","billing":{"address":{"city":null,"country":null,"line1":null,"line2":null,"postal_code":null,"state":null},"email":"samgreen22diz@gmail.com","name":"John Samuel Dizon","phone":"09092034621"},"currency":"PHP","description":"KapeBara Order","digital_withholding_vat_amount":0,"disputed":false,"external_reference_number":null,"fee":2100,"instant_settlement":null,"livemode":false,"net_amount":81900,"origin":"api","payment_intent_id":"pi_HtSXGe2SbGoRWfdzMdcT2Pu9","payout":null,"source":{"id":"src_eSUAAhTRFVta8wcNYYCkctRk","type":"gcash","provider":{"id":null},"provider_id":null},"statement_descriptor":"JOHN SAMUEL GALANG DIZON","status":"paid","tax_amount":null,"metadata":null,"promotion":null,"refunds":[],"taxes":[],"available_at":1776848400,"created_at":1776512079,"credited_at":1776906000,"paid_at":1776512079,"updated_at":1776512079}}],"payment_intent":{"id":"pi_HtSXGe2SbGoRWfdzMdcT2Pu9","type":"payment_intent","attributes":{"amount":84000,"capture_type":"automatic","client_key":"pi_HtSXGe2SbGoRWfdzMdcT2Pu9_client_KuNz9t1kyVyrjgKMpfQuxKhd","currency":"PHP","description":"KapeBara Order","livemode":false,"original_amount":84000,"statement_descriptor":"JOHN SAMUEL GALANG DIZON","status":"succeeded","last_payment_error":null,"payment_method_allowed":["dob","gcash","paymaya","card"],"payments":[{"id":"pay_3exeXDYz46xZx3tk6iNyXAnx","type":"payment","attributes":{"access_url":null,"amount":84000,"balance_transaction_id":"bal_txn_1aqBQueHr6dxBmmANZdVqqga","billing":{"address":{"city":null,"country":null,"line1":null,"line2":null,"postal_code":null,"state":null},"email":"samgreen22diz@gmail.com","name":"John Samuel Dizon","phone":"09092034621"},"currency":"PHP","description":"KapeBara Order","digital_withholding_vat_amount":0,"disputed":false,"external_reference_number":null,"fee":2100,"instant_settlement":null,"livemode":false,"net_amount":81900,"origin":"api","payment_intent_id":"pi_HtSXGe2SbGoRWfdzMdcT2Pu9","payout":null,"source":{"id":"src_eSUAAhTRFVta8wcNYYCkctRk","type":"gcash","provider":{"id":null},"provider_id":null},"statement_descriptor":"JOHN SAMUEL GALANG DIZON","status":"paid","tax_amount":null,"metadata":null,"promotion":null,"refunds":[],"taxes":[],"available_at":1776848400,"created_at":1776512079,"credited_at":1776906000,"paid_at":1776512079,"updated_at":1776512079}}],"next_action":null,"payment_method_options":{"card":{"request_three_d_secure":"any"}},"metadata":null,"setup_future_usage":null,"created_at":1776512073,"updated_at":1776512079}},"payment_method_types":[],"payment_method_used":"gcash","reference_number":null,"send_email_receipt":false,"show_description":true,"show_line_items":true,"status":"active","success_url":"http://localhost/WST/Main/success.html","created_at":1776512073,"updated_at":1776512077,"metadata":null}},"previous_data":{},"pending_webhooks":1,"created_at":1776512080,"updated_at":1776512080}}}
[2026-04-18 13:35:11] DB connected successfully
[2026-04-18 13:35:11] Event type: checkout_session.payment.paid
[2026-04-18 13:35:11] Session ID: cs_6dfd903640d6f593579a8cff
[2026-04-18 13:35:11] Pending order found: YES
[2026-04-18 13:35:11] User ID: 13 | Order total: 840.00
[2026-04-18 13:35:11] Raw cart rows for user 13: [{"id":30,"user_id":13,"product_id":1,"quantity":2,"created_at":"2026-04-07 19:30:49"},{"id":31,"user_id":13,"product_id":3,"quantity":1,"created_at":"2026-04-07 19:30:51"},{"id":32,"user_id":13,"product_id":4,"quantity":1,"created_at":"2026-04-07 19:30:53"},{"id":33,"user_id":13,"product_id":17,"quantity":1,"created_at":"2026-04-07 19:30:57"},{"id":35,"user_id":13,"product_id":13,"quantity":1,"created_at":"2026-04-07 19:31:01"},{"id":36,"user_id":13,"product_id":14,"quantity":1,"created_at":"2026-04-07 19:31:02"}]
[2026-04-18 13:35:11] Cart items found: 6
[2026-04-18 13:35:11] Cart items data: [{"quantity":2,"price":"140.00","product_id":1},{"quantity":1,"price":"140.00","product_id":3},{"quantity":1,"price":"100.00","product_id":4},{"quantity":1,"price":"60.00","product_id":17},{"quantity":1,"price":"80.00","product_id":13},{"quantity":1,"price":"80.00","product_id":14}]
[2026-04-18 13:35:11] Transaction started
[2026-04-18 13:35:11] CAUGHT EXCEPTION: Unknown column 'user_id' in 'field list'
[2026-04-18 13:35:11] DB last error: 
[2026-04-18 13:35:34] === WEBHOOK HIT ===
[2026-04-18 13:35:34] Raw payload: {"data":{"id":"evt_TyT7XrhXpTincqqAATJGC7oi","type":"event","attributes":{"type":"checkout_session.payment.paid","livemode":false,"data":{"id":"cs_6dfd903640d6f593579a8cff","type":"checkout_session","attributes":{"billing":{"address":{"city":null,"country":null,"line1":null,"line2":null,"postal_code":null,"state":null},"email":null,"name":null,"phone":null},"billing_information_fields_editable":"enabled","cancel_url":"http://localhost/WST/Main/CART.html","checkout_url":"https://checkout.paymongo.com/cs_6dfd903640d6f593579a8cff_client_58ae75c408e9536d05dd1de4#cGtfdGVzdF8zR3VmYkxEckdkNllFbW45V1lZM2tjTTY=","client_key":"cs_6dfd903640d6f593579a8cff_client_58ae75c408e9536d05dd1de4","customer_email":null,"customer_id":null,"description":"KapeBara Order","line_items":[{"amount":14000,"currency":"PHP","description":null,"images":[],"name":"Caramel Macchiato","quantity":2},{"amount":14000,"currency":"PHP","description":null,"images":[],"name":"Taro Frappe","quantity":1},{"amount":10000,"currency":"PHP","description":null,"images":[],"name":"Americano","quantity":1},{"amount":6000,"currency":"PHP","description":null,"images":[],"name":"Banana Bread","quantity":1},{"amount":8000,"currency":"PHP","description":null,"images":[],"name":"Ranch Fries","quantity":1},{"amount":8000,"currency":"PHP","description":null,"images":[],"name":"Hot Fries","quantity":1},{"amount":10000,"currency":"PHP","description":null,"images":[],"name":"Shipping Fee","quantity":1}],"livemode":false,"merchant":"JOHN SAMUEL GALANG DIZON","paid_at":1776512079,"payments":[{"id":"pay_3exeXDYz46xZx3tk6iNyXAnx","type":"payment","attributes":{"access_url":null,"amount":84000,"balance_transaction_id":"bal_txn_1aqBQueHr6dxBmmANZdVqqga","billing":{"address":{"city":null,"country":null,"line1":null,"line2":null,"postal_code":null,"state":null},"email":"samgreen22diz@gmail.com","name":"John Samuel Dizon","phone":"09092034621"},"currency":"PHP","description":"KapeBara Order","digital_withholding_vat_amount":0,"disputed":false,"external_reference_number":null,"fee":2100,"instant_settlement":null,"livemode":false,"net_amount":81900,"origin":"api","payment_intent_id":"pi_HtSXGe2SbGoRWfdzMdcT2Pu9","payout":null,"source":{"id":"src_eSUAAhTRFVta8wcNYYCkctRk","type":"gcash","provider":{"id":null},"provider_id":null},"statement_descriptor":"JOHN SAMUEL GALANG DIZON","status":"paid","tax_amount":null,"metadata":null,"promotion":null,"refunds":[],"taxes":[],"available_at":1776848400,"created_at":1776512079,"credited_at":1776906000,"paid_at":1776512079,"updated_at":1776512079}}],"payment_intent":{"id":"pi_HtSXGe2SbGoRWfdzMdcT2Pu9","type":"payment_intent","attributes":{"amount":84000,"capture_type":"automatic","client_key":"pi_HtSXGe2SbGoRWfdzMdcT2Pu9_client_KuNz9t1kyVyrjgKMpfQuxKhd","currency":"PHP","description":"KapeBara Order","livemode":false,"original_amount":84000,"statement_descriptor":"JOHN SAMUEL GALANG DIZON","status":"succeeded","last_payment_error":null,"payment_method_allowed":["dob","gcash","paymaya","card"],"payments":[{"id":"pay_3exeXDYz46xZx3tk6iNyXAnx","type":"payment","attributes":{"access_url":null,"amount":84000,"balance_transaction_id":"bal_txn_1aqBQueHr6dxBmmANZdVqqga","billing":{"address":{"city":null,"country":null,"line1":null,"line2":null,"postal_code":null,"state":null},"email":"samgreen22diz@gmail.com","name":"John Samuel Dizon","phone":"09092034621"},"currency":"PHP","description":"KapeBara Order","digital_withholding_vat_amount":0,"disputed":false,"external_reference_number":null,"fee":2100,"instant_settlement":null,"livemode":false,"net_amount":81900,"origin":"api","payment_intent_id":"pi_HtSXGe2SbGoRWfdzMdcT2Pu9","payout":null,"source":{"id":"src_eSUAAhTRFVta8wcNYYCkctRk","type":"gcash","provider":{"id":null},"provider_id":null},"statement_descriptor":"JOHN SAMUEL GALANG DIZON","status":"paid","tax_amount":null,"metadata":null,"promotion":null,"refunds":[],"taxes":[],"available_at":1776848400,"created_at":1776512079,"credited_at":1776906000,"paid_at":1776512079,"updated_at":1776512079}}],"next_action":null,"payment_method_options":{"card":{"request_three_d_secure":"any"}},"metadata":null,"setup_future_usage":null,"created_at":1776512073,"updated_at":1776512079}},"payment_method_types":[],"payment_method_used":"gcash","reference_number":null,"send_email_receipt":false,"show_description":true,"show_line_items":true,"status":"active","success_url":"http://localhost/WST/Main/success.html","created_at":1776512073,"updated_at":1776512077,"metadata":null}},"previous_data":{},"pending_webhooks":1,"created_at":1776512080,"updated_at":1776512080}}}
[2026-04-18 13:35:34] DB connected successfully
[2026-04-18 13:35:34] Event type: checkout_session.payment.paid
[2026-04-18 13:35:34] Session ID: cs_6dfd903640d6f593579a8cff
[2026-04-18 13:35:34] Pending order found: YES
[2026-04-18 13:35:34] User ID: 13 | Order total: 840.00
[2026-04-18 13:35:34] Raw cart rows for user 13: [{"id":30,"user_id":13,"product_id":1,"quantity":2,"created_at":"2026-04-07 19:30:49"},{"id":31,"user_id":13,"product_id":3,"quantity":1,"created_at":"2026-04-07 19:30:51"},{"id":32,"user_id":13,"product_id":4,"quantity":1,"created_at":"2026-04-07 19:30:53"},{"id":33,"user_id":13,"product_id":17,"quantity":1,"created_at":"2026-04-07 19:30:57"},{"id":35,"user_id":13,"product_id":13,"quantity":1,"created_at":"2026-04-07 19:31:01"},{"id":36,"user_id":13,"product_id":14,"quantity":1,"created_at":"2026-04-07 19:31:02"}]
[2026-04-18 13:35:34] Cart items found: 6
[2026-04-18 13:35:34] Cart items data: [{"quantity":2,"price":"140.00","product_id":1},{"quantity":1,"price":"140.00","product_id":3},{"quantity":1,"price":"100.00","product_id":4},{"quantity":1,"price":"60.00","product_id":17},{"quantity":1,"price":"80.00","product_id":13},{"quantity":1,"price":"80.00","product_id":14}]
[2026-04-18 13:35:34] Transaction started
[2026-04-18 13:35:34] CAUGHT EXCEPTION: Unknown column 'user_id' in 'field list'
[2026-04-18 13:35:34] DB last error: 
[2026-04-18 13:35:34] === WEBHOOK HIT ===
[2026-04-18 13:35:34] Raw payload: {"data":{"id":"evt_ziiwv8fvvhViXDMMZKSTLg47","type":"event","attributes":{"type":"checkout_session.payment.paid","livemode":false,"data":{"id":"cs_c55b108bc9ff9b929e481758","type":"checkout_session","attributes":{"billing":{"address":{"city":null,"country":null,"line1":null,"line2":null,"postal_code":null,"state":null},"email":null,"name":null,"phone":null},"billing_information_fields_editable":"enabled","cancel_url":"http://localhost/WST/Main/CART.html","checkout_url":"https://checkout.paymongo.com/cs_c55b108bc9ff9b929e481758_client_cbef612aaac26c5f96801df6#cGtfdGVzdF8zR3VmYkxEckdkNllFbW45V1lZM2tjTTY=","client_key":"cs_c55b108bc9ff9b929e481758_client_cbef612aaac26c5f96801df6","customer_email":null,"customer_id":null,"description":"KapeBara Order","line_items":[{"amount":14000,"currency":"PHP","description":null,"images":[],"name":"Caramel Macchiato","quantity":2},{"amount":14000,"currency":"PHP","description":null,"images":[],"name":"Taro Frappe","quantity":1},{"amount":10000,"currency":"PHP","description":null,"images":[],"name":"Americano","quantity":1},{"amount":6000,"currency":"PHP","description":null,"images":[],"name":"Banana Bread","quantity":1},{"amount":8000,"currency":"PHP","description":null,"images":[],"name":"Ranch Fries","quantity":1},{"amount":8000,"currency":"PHP","description":null,"images":[],"name":"Hot Fries","quantity":1},{"amount":10000,"currency":"PHP","description":null,"images":[],"name":"Shipping Fee","quantity":1}],"livemode":false,"merchant":"JOHN SAMUEL GALANG DIZON","paid_at":1776511985,"payments":[{"id":"pay_EuqZAi77cJmK5GY6Kp1hBBRA","type":"payment","attributes":{"access_url":null,"amount":84000,"balance_transaction_id":"bal_txn_SToeZVTB78CqQNS5kKhamyff","billing":{"address":{"city":null,"country":null,"line1":null,"line2":null,"postal_code":null,"state":null},"email":"samgreen22diz@gmail.com","name":"John Samuel Dizon","phone":"09092034621"},"currency":"PHP","description":"KapeBara Order","digital_withholding_vat_amount":0,"disputed":false,"external_reference_number":null,"fee":2100,"instant_settlement":null,"livemode":false,"net_amount":81900,"origin":"api","payment_intent_id":"pi_YsBK3r5ppK2uPJs7ShhYgNNx","payout":null,"source":{"id":"src_GepE5scYX7HNAPWrZmgbo8UH","type":"gcash","provider":{"id":null},"provider_id":null},"statement_descriptor":"JOHN SAMUEL GALANG DIZON","status":"paid","tax_amount":null,"metadata":null,"promotion":null,"refunds":[],"taxes":[],"available_at":1776848400,"created_at":1776511986,"credited_at":1776906000,"paid_at":1776511985,"updated_at":1776511986}}],"payment_intent":{"id":"pi_YsBK3r5ppK2uPJs7ShhYgNNx","type":"payment_intent","attributes":{"amount":84000,"capture_type":"automatic","client_key":"pi_YsBK3r5ppK2uPJs7ShhYgNNx_client_MKxQaS1HUQT82nngF5KxWYpX","currency":"PHP","description":"KapeBara Order","livemode":false,"original_amount":84000,"statement_descriptor":"JOHN SAMUEL GALANG DIZON","status":"succeeded","last_payment_error":null,"payment_method_allowed":["paymaya","card","gcash","dob"],"payments":[{"id":"pay_EuqZAi77cJmK5GY6Kp1hBBRA","type":"payment","attributes":{"access_url":null,"amount":84000,"balance_transaction_id":"bal_txn_SToeZVTB78CqQNS5kKhamyff","billing":{"address":{"city":null,"country":null,"line1":null,"line2":null,"postal_code":null,"state":null},"email":"samgreen22diz@gmail.com","name":"John Samuel Dizon","phone":"09092034621"},"currency":"PHP","description":"KapeBara Order","digital_withholding_vat_amount":0,"disputed":false,"external_reference_number":null,"fee":2100,"instant_settlement":null,"livemode":false,"net_amount":81900,"origin":"api","payment_intent_id":"pi_YsBK3r5ppK2uPJs7ShhYgNNx","payout":null,"source":{"id":"src_GepE5scYX7HNAPWrZmgbo8UH","type":"gcash","provider":{"id":null},"provider_id":null},"statement_descriptor":"JOHN SAMUEL GALANG DIZON","status":"paid","tax_amount":null,"metadata":null,"promotion":null,"refunds":[],"taxes":[],"available_at":1776848400,"created_at":1776511986,"credited_at":1776906000,"paid_at":1776511985,"updated_at":1776511986}}],"next_action":null,"payment_method_options":{"card":{"request_three_d_secure":"any"}},"metadata":null,"setup_future_usage":null,"created_at":1776511977,"updated_at":1776511986}},"payment_method_types":[],"payment_method_used":"gcash","reference_number":null,"send_email_receipt":false,"show_description":true,"show_line_items":true,"status":"active","success_url":"http://localhost/WST/Main/success.html","created_at":1776511977,"updated_at":1776511983,"metadata":null}},"previous_data":{},"pending_webhooks":1,"created_at":1776511987,"updated_at":1776511987}}}
[2026-04-18 13:35:34] DB connected successfully
[2026-04-18 13:35:34] Event type: checkout_session.payment.paid
[2026-04-18 13:35:34] Session ID: cs_c55b108bc9ff9b929e481758
[2026-04-18 13:35:34] Pending order found: YES
[2026-04-18 13:35:34] User ID: 13 | Order total: 840.00
[2026-04-18 13:35:34] Raw cart rows for user 13: [{"id":30,"user_id":13,"product_id":1,"quantity":2,"created_at":"2026-04-07 19:30:49"},{"id":31,"user_id":13,"product_id":3,"quantity":1,"created_at":"2026-04-07 19:30:51"},{"id":32,"user_id":13,"product_id":4,"quantity":1,"created_at":"2026-04-07 19:30:53"},{"id":33,"user_id":13,"product_id":17,"quantity":1,"created_at":"2026-04-07 19:30:57"},{"id":35,"user_id":13,"product_id":13,"quantity":1,"created_at":"2026-04-07 19:31:01"},{"id":36,"user_id":13,"product_id":14,"quantity":1,"created_at":"2026-04-07 19:31:02"}]
[2026-04-18 13:35:34] Cart items found: 6
[2026-04-18 13:35:34] Cart items data: [{"quantity":2,"price":"140.00","product_id":1},{"quantity":1,"price":"140.00","product_id":3},{"quantity":1,"price":"100.00","product_id":4},{"quantity":1,"price":"60.00","product_id":17},{"quantity":1,"price":"80.00","product_id":13},{"quantity":1,"price":"80.00","product_id":14}]
[2026-04-18 13:35:34] Transaction started
[2026-04-18 13:35:34] CAUGHT EXCEPTION: Unknown column 'user_id' in 'field list'
[2026-04-18 13:35:34] DB last error: 




[2026-04-18 13:36:11] === WEBHOOK HIT ===
[2026-04-18 13:36:11] Raw payload: {"data":{"id":"evt_TyT7XrhXpTincqqAATJGC7oi","type":"event","attributes":{"type":"checkout_session.payment.paid","livemode":false,"data":{"id":"cs_6dfd903640d6f593579a8cff","type":"checkout_session","attributes":{"billing":{"address":{"city":null,"country":null,"line1":null,"line2":null,"postal_code":null,"state":null},"email":null,"name":null,"phone":null},"billing_information_fields_editable":"enabled","cancel_url":"http://localhost/WST/Main/CART.html","checkout_url":"https://checkout.paymongo.com/cs_6dfd903640d6f593579a8cff_client_58ae75c408e9536d05dd1de4#cGtfdGVzdF8zR3VmYkxEckdkNllFbW45V1lZM2tjTTY=","client_key":"cs_6dfd903640d6f593579a8cff_client_58ae75c408e9536d05dd1de4","customer_email":null,"customer_id":null,"description":"KapeBara Order","line_items":[{"amount":14000,"currency":"PHP","description":null,"images":[],"name":"Caramel Macchiato","quantity":2},{"amount":14000,"currency":"PHP","description":null,"images":[],"name":"Taro Frappe","quantity":1},{"amount":10000,"currency":"PHP","description":null,"images":[],"name":"Americano","quantity":1},{"amount":6000,"currency":"PHP","description":null,"images":[],"name":"Banana Bread","quantity":1},{"amount":8000,"currency":"PHP","description":null,"images":[],"name":"Ranch Fries","quantity":1},{"amount":8000,"currency":"PHP","description":null,"images":[],"name":"Hot Fries","quantity":1},{"amount":10000,"currency":"PHP","description":null,"images":[],"name":"Shipping Fee","quantity":1}],"livemode":false,"merchant":"JOHN SAMUEL GALANG DIZON","paid_at":1776512079,"payments":[{"id":"pay_3exeXDYz46xZx3tk6iNyXAnx","type":"payment","attributes":{"access_url":null,"amount":84000,"balance_transaction_id":"bal_txn_1aqBQueHr6dxBmmANZdVqqga","billing":{"address":{"city":null,"country":null,"line1":null,"line2":null,"postal_code":null,"state":null},"email":"samgreen22diz@gmail.com","name":"John Samuel Dizon","phone":"09092034621"},"currency":"PHP","description":"KapeBara Order","digital_withholding_vat_amount":0,"disputed":false,"external_reference_number":null,"fee":2100,"instant_settlement":null,"livemode":false,"net_amount":81900,"origin":"api","payment_intent_id":"pi_HtSXGe2SbGoRWfdzMdcT2Pu9","payout":null,"source":{"id":"src_eSUAAhTRFVta8wcNYYCkctRk","type":"gcash","provider":{"id":null},"provider_id":null},"statement_descriptor":"JOHN SAMUEL GALANG DIZON","status":"paid","tax_amount":null,"metadata":null,"promotion":null,"refunds":[],"taxes":[],"available_at":1776848400,"created_at":1776512079,"credited_at":1776906000,"paid_at":1776512079,"updated_at":1776512079}}],"payment_intent":{"id":"pi_HtSXGe2SbGoRWfdzMdcT2Pu9","type":"payment_intent","attributes":{"amount":84000,"capture_type":"automatic","client_key":"pi_HtSXGe2SbGoRWfdzMdcT2Pu9_client_KuNz9t1kyVyrjgKMpfQuxKhd","currency":"PHP","description":"KapeBara Order","livemode":false,"original_amount":84000,"statement_descriptor":"JOHN SAMUEL GALANG DIZON","status":"succeeded","last_payment_error":null,"payment_method_allowed":["dob","gcash","paymaya","card"],"payments":[{"id":"pay_3exeXDYz46xZx3tk6iNyXAnx","type":"payment","attributes":{"access_url":null,"amount":84000,"balance_transaction_id":"bal_txn_1aqBQueHr6dxBmmANZdVqqga","billing":{"address":{"city":null,"country":null,"line1":null,"line2":null,"postal_code":null,"state":null},"email":"samgreen22diz@gmail.com","name":"John Samuel Dizon","phone":"09092034621"},"currency":"PHP","description":"KapeBara Order","digital_withholding_vat_amount":0,"disputed":false,"external_reference_number":null,"fee":2100,"instant_settlement":null,"livemode":false,"net_amount":81900,"origin":"api","payment_intent_id":"pi_HtSXGe2SbGoRWfdzMdcT2Pu9","payout":null,"source":{"id":"src_eSUAAhTRFVta8wcNYYCkctRk","type":"gcash","provider":{"id":null},"provider_id":null},"statement_descriptor":"JOHN SAMUEL GALANG DIZON","status":"paid","tax_amount":null,"metadata":null,"promotion":null,"refunds":[],"taxes":[],"available_at":1776848400,"created_at":1776512079,"credited_at":1776906000,"paid_at":1776512079,"updated_at":1776512079}}],"next_action":null,"payment_method_options":{"card":{"request_three_d_secure":"any"}},"metadata":null,"setup_future_usage":null,"created_at":1776512073,"updated_at":1776512079}},"payment_method_types":[],"payment_method_used":"gcash","reference_number":null,"send_email_receipt":false,"show_description":true,"show_line_items":true,"status":"active","success_url":"http://localhost/WST/Main/success.html","created_at":1776512073,"updated_at":1776512077,"metadata":null}},"previous_data":{},"pending_webhooks":1,"created_at":1776512080,"updated_at":1776512080}}}
[2026-04-18 13:36:11] DB connected successfully
[2026-04-18 13:36:11] Event type: checkout_session.payment.paid
[2026-04-18 13:36:11] Session ID: cs_6dfd903640d6f593579a8cff
[2026-04-18 13:36:11] Pending order found: YES
[2026-04-18 13:36:11] User ID: 13 | Order total: 840.00
[2026-04-18 13:36:11] Raw cart rows for user 13: [{"id":30,"user_id":13,"product_id":1,"quantity":2,"created_at":"2026-04-07 19:30:49"},{"id":31,"user_id":13,"product_id":3,"quantity":1,"created_at":"2026-04-07 19:30:51"},{"id":32,"user_id":13,"product_id":4,"quantity":1,"created_at":"2026-04-07 19:30:53"},{"id":33,"user_id":13,"product_id":17,"quantity":1,"created_at":"2026-04-07 19:30:57"},{"id":35,"user_id":13,"product_id":13,"quantity":1,"created_at":"2026-04-07 19:31:01"},{"id":36,"user_id":13,"product_id":14,"quantity":1,"created_at":"2026-04-07 19:31:02"}]
[2026-04-18 13:36:11] Cart items found: 6
[2026-04-18 13:36:11] Cart items data: [{"quantity":2,"price":"140.00","product_id":1},{"quantity":1,"price":"140.00","product_id":3},{"quantity":1,"price":"100.00","product_id":4},{"quantity":1,"price":"60.00","product_id":17},{"quantity":1,"price":"80.00","product_id":13},{"quantity":1,"price":"80.00","product_id":14}]
[2026-04-18 13:36:11] Transaction started
[2026-04-18 13:36:11] CAUGHT EXCEPTION: Unknown column 'user_id' in 'field list'
[2026-04-18 13:36:11] DB last error: 
[2026-04-18 13:37:18] === WEBHOOK HIT ===
[2026-04-18 13:37:18] Raw payload: {"data":{"id":"evt_TyT7XrhXpTincqqAATJGC7oi","type":"event","attributes":{"type":"checkout_session.payment.paid","livemode":false,"data":{"id":"cs_6dfd903640d6f593579a8cff","type":"checkout_session","attributes":{"billing":{"address":{"city":null,"country":null,"line1":null,"line2":null,"postal_code":null,"state":null},"email":null,"name":null,"phone":null},"billing_information_fields_editable":"enabled","cancel_url":"http://localhost/WST/Main/CART.html","checkout_url":"https://checkout.paymongo.com/cs_6dfd903640d6f593579a8cff_client_58ae75c408e9536d05dd1de4#cGtfdGVzdF8zR3VmYkxEckdkNllFbW45V1lZM2tjTTY=","client_key":"cs_6dfd903640d6f593579a8cff_client_58ae75c408e9536d05dd1de4","customer_email":null,"customer_id":null,"description":"KapeBara Order","line_items":[{"amount":14000,"currency":"PHP","description":null,"images":[],"name":"Caramel Macchiato","quantity":2},{"amount":14000,"currency":"PHP","description":null,"images":[],"name":"Taro Frappe","quantity":1},{"amount":10000,"currency":"PHP","description":null,"images":[],"name":"Americano","quantity":1},{"amount":6000,"currency":"PHP","description":null,"images":[],"name":"Banana Bread","quantity":1},{"amount":8000,"currency":"PHP","description":null,"images":[],"name":"Ranch Fries","quantity":1},{"amount":8000,"currency":"PHP","description":null,"images":[],"name":"Hot Fries","quantity":1},{"amount":10000,"currency":"PHP","description":null,"images":[],"name":"Shipping Fee","quantity":1}],"livemode":false,"merchant":"JOHN SAMUEL GALANG DIZON","paid_at":1776512079,"payments":[{"id":"pay_3exeXDYz46xZx3tk6iNyXAnx","type":"payment","attributes":{"access_url":null,"amount":84000,"balance_transaction_id":"bal_txn_1aqBQueHr6dxBmmANZdVqqga","billing":{"address":{"city":null,"country":null,"line1":null,"line2":null,"postal_code":null,"state":null},"email":"samgreen22diz@gmail.com","name":"John Samuel Dizon","phone":"09092034621"},"currency":"PHP","description":"KapeBara Order","digital_withholding_vat_amount":0,"disputed":false,"external_reference_number":null,"fee":2100,"instant_settlement":null,"livemode":false,"net_amount":81900,"origin":"api","payment_intent_id":"pi_HtSXGe2SbGoRWfdzMdcT2Pu9","payout":null,"source":{"id":"src_eSUAAhTRFVta8wcNYYCkctRk","type":"gcash","provider":{"id":null},"provider_id":null},"statement_descriptor":"JOHN SAMUEL GALANG DIZON","status":"paid","tax_amount":null,"metadata":null,"promotion":null,"refunds":[],"taxes":[],"available_at":1776848400,"created_at":1776512079,"credited_at":1776906000,"paid_at":1776512079,"updated_at":1776512079}}],"payment_intent":{"id":"pi_HtSXGe2SbGoRWfdzMdcT2Pu9","type":"payment_intent","attributes":{"amount":84000,"capture_type":"automatic","client_key":"pi_HtSXGe2SbGoRWfdzMdcT2Pu9_client_KuNz9t1kyVyrjgKMpfQuxKhd","currency":"PHP","description":"KapeBara Order","livemode":false,"original_amount":84000,"statement_descriptor":"JOHN SAMUEL GALANG DIZON","status":"succeeded","last_payment_error":null,"payment_method_allowed":["dob","gcash","paymaya","card"],"payments":[{"id":"pay_3exeXDYz46xZx3tk6iNyXAnx","type":"payment","attributes":{"access_url":null,"amount":84000,"balance_transaction_id":"bal_txn_1aqBQueHr6dxBmmANZdVqqga","billing":{"address":{"city":null,"country":null,"line1":null,"line2":null,"postal_code":null,"state":null},"email":"samgreen22diz@gmail.com","name":"John Samuel Dizon","phone":"09092034621"},"currency":"PHP","description":"KapeBara Order","digital_withholding_vat_amount":0,"disputed":false,"external_reference_number":null,"fee":2100,"instant_settlement":null,"livemode":false,"net_amount":81900,"origin":"api","payment_intent_id":"pi_HtSXGe2SbGoRWfdzMdcT2Pu9","payout":null,"source":{"id":"src_eSUAAhTRFVta8wcNYYCkctRk","type":"gcash","provider":{"id":null},"provider_id":null},"statement_descriptor":"JOHN SAMUEL GALANG DIZON","status":"paid","tax_amount":null,"metadata":null,"promotion":null,"refunds":[],"taxes":[],"available_at":1776848400,"created_at":1776512079,"credited_at":1776906000,"paid_at":1776512079,"updated_at":1776512079}}],"next_action":null,"payment_method_options":{"card":{"request_three_d_secure":"any"}},"metadata":null,"setup_future_usage":null,"created_at":1776512073,"updated_at":1776512079}},"payment_method_types":[],"payment_method_used":"gcash","reference_number":null,"send_email_receipt":false,"show_description":true,"show_line_items":true,"status":"active","success_url":"http://localhost/WST/Main/success.html","created_at":1776512073,"updated_at":1776512077,"metadata":null}},"previous_data":{},"pending_webhooks":1,"created_at":1776512080,"updated_at":1776512080}}}
[2026-04-18 13:37:18] DB connected successfully
[2026-04-18 13:37:18] Event type: checkout_session.payment.paid
[2026-04-18 13:37:18] Session ID: cs_6dfd903640d6f593579a8cff
[2026-04-18 13:37:18] Pending order found: YES
[2026-04-18 13:37:18] User ID: 13 | Order total: 840.00
[2026-04-18 13:37:18] Raw cart rows for user 13: [{"id":30,"user_id":13,"product_id":1,"quantity":2,"created_at":"2026-04-07 19:30:49"},{"id":31,"user_id":13,"product_id":3,"quantity":1,"created_at":"2026-04-07 19:30:51"},{"id":32,"user_id":13,"product_id":4,"quantity":1,"created_at":"2026-04-07 19:30:53"},{"id":33,"user_id":13,"product_id":17,"quantity":1,"created_at":"2026-04-07 19:30:57"},{"id":35,"user_id":13,"product_id":13,"quantity":1,"created_at":"2026-04-07 19:31:01"},{"id":36,"user_id":13,"product_id":14,"quantity":1,"created_at":"2026-04-07 19:31:02"}]
[2026-04-18 13:37:18] Cart items found: 6
[2026-04-18 13:37:18] Cart items data: [{"quantity":2,"price":"140.00","product_id":1},{"quantity":1,"price":"140.00","product_id":3},{"quantity":1,"price":"100.00","product_id":4},{"quantity":1,"price":"60.00","product_id":17},{"quantity":1,"price":"80.00","product_id":13},{"quantity":1,"price":"80.00","product_id":14}]
[2026-04-18 13:37:18] Transaction started
[2026-04-18 13:37:18] CAUGHT EXCEPTION: Unknown column 'user_id' in 'field list'
[2026-04-18 13:37:18] DB last error: 
[2026-04-18 13:37:38] === WEBHOOK HIT ===
[2026-04-18 13:37:38] Raw payload: {"data":{"id":"evt_HsXHNopjVrs8X55WPGc7w5xS","type":"event","attributes":{"type":"checkout_session.payment.paid","livemode":false,"data":{"id":"cs_5a1b7bbdcdb334cb7fc38d8b","type":"checkout_session","attributes":{"billing":{"address":{"city":null,"country":null,"line1":null,"line2":null,"postal_code":null,"state":null},"email":null,"name":null,"phone":null},"billing_information_fields_editable":"enabled","cancel_url":"http://localhost/WST/Main/CART.html","checkout_url":"https://checkout.paymongo.com/cs_5a1b7bbdcdb334cb7fc38d8b_client_91647924cebe86d3913b105a#cGtfdGVzdF8zR3VmYkxEckdkNllFbW45V1lZM2tjTTY=","client_key":"cs_5a1b7bbdcdb334cb7fc38d8b_client_91647924cebe86d3913b105a","customer_email":null,"customer_id":null,"description":"KapeBara Order","line_items":[{"amount":14000,"currency":"PHP","description":null,"images":[],"name":"Caramel Macchiato","quantity":2},{"amount":14000,"currency":"PHP","description":null,"images":[],"name":"Taro Frappe","quantity":1},{"amount":10000,"currency":"PHP","description":null,"images":[],"name":"Americano","quantity":1},{"amount":6000,"currency":"PHP","description":null,"images":[],"name":"Banana Bread","quantity":1},{"amount":8000,"currency":"PHP","description":null,"images":[],"name":"Ranch Fries","quantity":1},{"amount":8000,"currency":"PHP","description":null,"images":[],"name":"Hot Fries","quantity":1},{"amount":10000,"currency":"PHP","description":null,"images":[],"name":"Shipping Fee","quantity":1}],"livemode":false,"merchant":"JOHN SAMUEL GALANG DIZON","paid_at":1776512257,"payments":[{"id":"pay_eehTtwLr4URQkEKx4Deposuc","type":"payment","attributes":{"access_url":null,"amount":84000,"balance_transaction_id":"bal_txn_DumBAdsMdttuTQks9gcCrd66","billing":{"address":{"city":null,"country":null,"line1":null,"line2":null,"postal_code":null,"state":null},"email":"samgreen22diz@gmail.com","name":"John Samuel Dizon","phone":"09092034621"},"currency":"PHP","description":"KapeBara Order","digital_withholding_vat_amount":0,"disputed":false,"external_reference_number":null,"fee":2100,"instant_settlement":null,"livemode":false,"net_amount":81900,"origin":"api","payment_intent_id":"pi_MzKE4euicewu6aW6HrWuLFjH","payout":null,"source":{"id":"src_zBHu3PgJ3xVQrh81ozbUDf1n","type":"gcash","provider":{"id":null},"provider_id":null},"statement_descriptor":"JOHN SAMUEL GALANG DIZON","status":"paid","tax_amount":null,"metadata":null,"promotion":null,"refunds":[],"taxes":[],"available_at":1776848400,"created_at":1776512258,"credited_at":1776906000,"paid_at":1776512257,"updated_at":1776512258}}],"payment_intent":{"id":"pi_MzKE4euicewu6aW6HrWuLFjH","type":"payment_intent","attributes":{"amount":84000,"capture_type":"automatic","client_key":"pi_MzKE4euicewu6aW6HrWuLFjH_client_WPuDPcV8jbxXposL1nnEkQr8","currency":"PHP","description":"KapeBara Order","livemode":false,"original_amount":84000,"statement_descriptor":"JOHN SAMUEL GALANG DIZON","status":"succeeded","last_payment_error":null,"payment_method_allowed":["card","paymaya","gcash","dob"],"payments":[{"id":"pay_eehTtwLr4URQkEKx4Deposuc","type":"payment","attributes":{"access_url":null,"amount":84000,"balance_transaction_id":"bal_txn_DumBAdsMdttuTQks9gcCrd66","billing":{"address":{"city":null,"country":null,"line1":null,"line2":null,"postal_code":null,"state":null},"email":"samgreen22diz@gmail.com","name":"John Samuel Dizon","phone":"09092034621"},"currency":"PHP","description":"KapeBara Order","digital_withholding_vat_amount":0,"disputed":false,"external_reference_number":null,"fee":2100,"instant_settlement":null,"livemode":false,"net_amount":81900,"origin":"api","payment_intent_id":"pi_MzKE4euicewu6aW6HrWuLFjH","payout":null,"source":{"id":"src_zBHu3PgJ3xVQrh81ozbUDf1n","type":"gcash","provider":{"id":null},"provider_id":null},"statement_descriptor":"JOHN SAMUEL GALANG DIZON","status":"paid","tax_amount":null,"metadata":null,"promotion":null,"refunds":[],"taxes":[],"available_at":1776848400,"created_at":1776512258,"credited_at":1776906000,"paid_at":1776512257,"updated_at":1776512258}}],"next_action":null,"payment_method_options":{"card":{"request_three_d_secure":"any"}},"metadata":null,"setup_future_usage":null,"created_at":1776512111,"updated_at":1776512258}},"payment_method_types":[],"payment_method_used":"gcash","reference_number":null,"send_email_receipt":false,"show_description":true,"show_line_items":true,"status":"active","success_url":"http://localhost/WST/Main/success.html","created_at":1776512111,"updated_at":1776512255,"metadata":null}},"previous_data":{},"pending_webhooks":1,"created_at":1776512259,"updated_at":1776512259}}}
[2026-04-18 13:37:38] DB connected successfully
[2026-04-18 13:37:38] Event type: checkout_session.payment.paid
[2026-04-18 13:37:38] Session ID: cs_5a1b7bbdcdb334cb7fc38d8b
[2026-04-18 13:37:38] Pending order found: YES
[2026-04-18 13:37:38] User ID: 13 | Order total: 840.00
[2026-04-18 13:37:38] Raw cart rows for user 13: [{"id":30,"user_id":13,"product_id":1,"quantity":2,"created_at":"2026-04-07 19:30:49"},{"id":31,"user_id":13,"product_id":3,"quantity":1,"created_at":"2026-04-07 19:30:51"},{"id":32,"user_id":13,"product_id":4,"quantity":1,"created_at":"2026-04-07 19:30:53"},{"id":33,"user_id":13,"product_id":17,"quantity":1,"created_at":"2026-04-07 19:30:57"},{"id":35,"user_id":13,"product_id":13,"quantity":1,"created_at":"2026-04-07 19:31:01"},{"id":36,"user_id":13,"product_id":14,"quantity":1,"created_at":"2026-04-07 19:31:02"}]
[2026-04-18 13:37:38] Cart items found: 6
[2026-04-18 13:37:38] Cart items data: [{"quantity":2,"price":"140.00","product_id":1},{"quantity":1,"price":"140.00","product_id":3},{"quantity":1,"price":"100.00","product_id":4},{"quantity":1,"price":"60.00","product_id":17},{"quantity":1,"price":"80.00","product_id":13},{"quantity":1,"price":"80.00","product_id":14}]
[2026-04-18 13:37:38] Transaction started
[2026-04-18 13:37:38] CAUGHT EXCEPTION: Unknown column 'user_id' in 'field list'
[2026-04-18 13:37:38] DB last error: 
[2026-04-18 13:37:43] === WEBHOOK HIT ===
[2026-04-18 13:37:43] Raw payload: {"data":{"id":"evt_HsXHNopjVrs8X55WPGc7w5xS","type":"event","attributes":{"type":"checkout_session.payment.paid","livemode":false,"data":{"id":"cs_5a1b7bbdcdb334cb7fc38d8b","type":"checkout_session","attributes":{"billing":{"address":{"city":null,"country":null,"line1":null,"line2":null,"postal_code":null,"state":null},"email":null,"name":null,"phone":null},"billing_information_fields_editable":"enabled","cancel_url":"http://localhost/WST/Main/CART.html","checkout_url":"https://checkout.paymongo.com/cs_5a1b7bbdcdb334cb7fc38d8b_client_91647924cebe86d3913b105a#cGtfdGVzdF8zR3VmYkxEckdkNllFbW45V1lZM2tjTTY=","client_key":"cs_5a1b7bbdcdb334cb7fc38d8b_client_91647924cebe86d3913b105a","customer_email":null,"customer_id":null,"description":"KapeBara Order","line_items":[{"amount":14000,"currency":"PHP","description":null,"images":[],"name":"Caramel Macchiato","quantity":2},{"amount":14000,"currency":"PHP","description":null,"images":[],"name":"Taro Frappe","quantity":1},{"amount":10000,"currency":"PHP","description":null,"images":[],"name":"Americano","quantity":1},{"amount":6000,"currency":"PHP","description":null,"images":[],"name":"Banana Bread","quantity":1},{"amount":8000,"currency":"PHP","description":null,"images":[],"name":"Ranch Fries","quantity":1},{"amount":8000,"currency":"PHP","description":null,"images":[],"name":"Hot Fries","quantity":1},{"amount":10000,"currency":"PHP","description":null,"images":[],"name":"Shipping Fee","quantity":1}],"livemode":false,"merchant":"JOHN SAMUEL GALANG DIZON","paid_at":1776512257,"payments":[{"id":"pay_eehTtwLr4URQkEKx4Deposuc","type":"payment","attributes":{"access_url":null,"amount":84000,"balance_transaction_id":"bal_txn_DumBAdsMdttuTQks9gcCrd66","billing":{"address":{"city":null,"country":null,"line1":null,"line2":null,"postal_code":null,"state":null},"email":"samgreen22diz@gmail.com","name":"John Samuel Dizon","phone":"09092034621"},"currency":"PHP","description":"KapeBara Order","digital_withholding_vat_amount":0,"disputed":false,"external_reference_number":null,"fee":2100,"instant_settlement":null,"livemode":false,"net_amount":81900,"origin":"api","payment_intent_id":"pi_MzKE4euicewu6aW6HrWuLFjH","payout":null,"source":{"id":"src_zBHu3PgJ3xVQrh81ozbUDf1n","type":"gcash","provider":{"id":null},"provider_id":null},"statement_descriptor":"JOHN SAMUEL GALANG DIZON","status":"paid","tax_amount":null,"metadata":null,"promotion":null,"refunds":[],"taxes":[],"available_at":1776848400,"created_at":1776512258,"credited_at":1776906000,"paid_at":1776512257,"updated_at":1776512258}}],"payment_intent":{"id":"pi_MzKE4euicewu6aW6HrWuLFjH","type":"payment_intent","attributes":{"amount":84000,"capture_type":"automatic","client_key":"pi_MzKE4euicewu6aW6HrWuLFjH_client_WPuDPcV8jbxXposL1nnEkQr8","currency":"PHP","description":"KapeBara Order","livemode":false,"original_amount":84000,"statement_descriptor":"JOHN SAMUEL GALANG DIZON","status":"succeeded","last_payment_error":null,"payment_method_allowed":["card","paymaya","gcash","dob"],"payments":[{"id":"pay_eehTtwLr4URQkEKx4Deposuc","type":"payment","attributes":{"access_url":null,"amount":84000,"balance_transaction_id":"bal_txn_DumBAdsMdttuTQks9gcCrd66","billing":{"address":{"city":null,"country":null,"line1":null,"line2":null,"postal_code":null,"state":null},"email":"samgreen22diz@gmail.com","name":"John Samuel Dizon","phone":"09092034621"},"currency":"PHP","description":"KapeBara Order","digital_withholding_vat_amount":0,"disputed":false,"external_reference_number":null,"fee":2100,"instant_settlement":null,"livemode":false,"net_amount":81900,"origin":"api","payment_intent_id":"pi_MzKE4euicewu6aW6HrWuLFjH","payout":null,"source":{"id":"src_zBHu3PgJ3xVQrh81ozbUDf1n","type":"gcash","provider":{"id":null},"provider_id":null},"statement_descriptor":"JOHN SAMUEL GALANG DIZON","status":"paid","tax_amount":null,"metadata":null,"promotion":null,"refunds":[],"taxes":[],"available_at":1776848400,"created_at":1776512258,"credited_at":1776906000,"paid_at":1776512257,"updated_at":1776512258}}],"next_action":null,"payment_method_options":{"card":{"request_three_d_secure":"any"}},"metadata":null,"setup_future_usage":null,"created_at":1776512111,"updated_at":1776512258}},"payment_method_types":[],"payment_method_used":"gcash","reference_number":null,"send_email_receipt":false,"show_description":true,"show_line_items":true,"status":"active","success_url":"http://localhost/WST/Main/success.html","created_at":1776512111,"updated_at":1776512255,"metadata":null}},"previous_data":{},"pending_webhooks":1,"created_at":1776512259,"updated_at":1776512259}}}
[2026-04-18 13:37:43] DB connected successfully
[2026-04-18 13:37:43] DB connected successfully
[2026-04-18 13:37:43] Event type: checkout_session.payment.paid
[2026-04-18 13:37:43] Event type: checkout_session.payment.paid
[2026-04-18 13:37:43] Session ID: cs_c55b108bc9ff9b929e481758
[2026-04-18 13:37:43] Session ID: cs_5a1b7bbdcdb334cb7fc38d8b
[2026-04-18 13:37:43] Pending order found: YES
[2026-04-18 13:37:43] User ID: 13 | Order total: 840.00
[2026-04-18 13:37:43] User ID: 13 | Order total: 840.00
[2026-04-18 13:37:43] Raw cart rows for user 13: [{"id":30,"user_id":13,"product_id":1,"quantity":2,"created_at":"2026-04-07 19:30:49"},{"id":31,"user_id":13,"product_id":3,"quantity":1,"created_at":"2026-04-07 19:30:51"},{"id":32,"user_id":13,"product_id":4,"quantity":1,"created_at":"2026-04-07 19:30:53"},{"id":33,"user_id":13,"product_id":17,"quantity":1,"created_at":"2026-04-07 19:30:57"},{"id":35,"user_id":13,"product_id":13,"quantity":1,"created_at":"2026-04-07 19:31:01"},{"id":36,"user_id":13,"product_id":14,"quantity":1,"created_at":"2026-04-07 19:31:02"}]
[2026-04-18 13:37:43] Raw cart rows for user 13: [{"id":30,"user_id":13,"product_id":1,"quantity":2,"created_at":"2026-04-07 19:30:49"},{"id":31,"user_id":13,"product_id":3,"quantity":1,"created_at":"2026-04-07 19:30:51"},{"id":32,"user_id":13,"product_id":4,"quantity":1,"created_at":"2026-04-07 19:30:53"},{"id":33,"user_id":13,"product_id":17,"quantity":1,"created_at":"2026-04-07 19:30:57"},{"id":35,"user_id":13,"product_id":13,"quantity":1,"created_at":"2026-04-07 19:31:01"},{"id":36,"user_id":13,"product_id":14,"quantity":1,"created_at":"2026-04-07 19:31:02"}]
[2026-04-18 13:37:43] Cart items found: 6
[2026-04-18 13:37:43] Cart items data: [{"quantity":2,"price":"140.00","product_id":1},{"quantity":1,"price":"140.00","product_id":3},{"quantity":1,"price":"100.00","product_id":4},{"quantity":1,"price":"60.00","product_id":17},{"quantity":1,"price":"80.00","product_id":13},{"quantity":1,"price":"80.00","product_id":14}]
[2026-04-18 13:37:43] Cart items found: 6
[2026-04-18 13:37:43] Transaction started
[2026-04-18 13:37:43] Cart items data: [{"quantity":2,"price":"140.00","product_id":1},{"quantity":1,"price":"140.00","product_id":3},{"quantity":1,"price":"100.00","product_id":4},{"quantity":1,"price":"60.00","product_id":17},{"quantity":1,"price":"80.00","product_id":13},{"quantity":1,"price":"80.00","product_id":14}]
[2026-04-18 13:37:43] Transaction started
[2026-04-18 13:37:43] CAUGHT EXCEPTION: Unknown column 'user_id' in 'field list'
[2026-04-18 13:37:43] DB last error: 
[2026-04-18 13:37:43] CAUGHT EXCEPTION: Unknown column 'user_id' in 'field list'
[2026-04-18 13:37:43] DB last error: 
[2026-04-18 13:38:00] === WEBHOOK HIT ===
[2026-04-18 13:38:00] Raw payload: {"data":{"id":"evt_HsXHNopjVrs8X55WPGc7w5xS","type":"event","attributes":{"type":"checkout_session.payment.paid","livemode":false,"data":{"id":"cs_5a1b7bbdcdb334cb7fc38d8b","type":"checkout_session","attributes":{"billing":{"address":{"city":null,"country":null,"line1":null,"line2":null,"postal_code":null,"state":null},"email":null,"name":null,"phone":null},"billing_information_fields_editable":"enabled","cancel_url":"http://localhost/WST/Main/CART.html","checkout_url":"https://checkout.paymongo.com/cs_5a1b7bbdcdb334cb7fc38d8b_client_91647924cebe86d3913b105a#cGtfdGVzdF8zR3VmYkxEckdkNllFbW45V1lZM2tjTTY=","client_key":"cs_5a1b7bbdcdb334cb7fc38d8b_client_91647924cebe86d3913b105a","customer_email":null,"customer_id":null,"description":"KapeBara Order","line_items":[{"amount":14000,"currency":"PHP","description":null,"images":[],"name":"Caramel Macchiato","quantity":2},{"amount":14000,"currency":"PHP","description":null,"images":[],"name":"Taro Frappe","quantity":1},{"amount":10000,"currency":"PHP","description":null,"images":[],"name":"Americano","quantity":1},{"amount":6000,"currency":"PHP","description":null,"images":[],"name":"Banana Bread","quantity":1},{"amount":8000,"currency":"PHP","description":null,"images":[],"name":"Ranch Fries","quantity":1},{"amount":8000,"currency":"PHP","description":null,"images":[],"name":"Hot Fries","quantity":1},{"amount":10000,"currency":"PHP","description":null,"images":[],"name":"Shipping Fee","quantity":1}],"livemode":false,"merchant":"JOHN SAMUEL GALANG DIZON","paid_at":1776512257,"payments":[{"id":"pay_eehTtwLr4URQkEKx4Deposuc","type":"payment","attributes":{"access_url":null,"amount":84000,"balance_transaction_id":"bal_txn_DumBAdsMdttuTQks9gcCrd66","billing":{"address":{"city":null,"country":null,"line1":null,"line2":null,"postal_code":null,"state":null},"email":"samgreen22diz@gmail.com","name":"John Samuel Dizon","phone":"09092034621"},"currency":"PHP","description":"KapeBara Order","digital_withholding_vat_amount":0,"disputed":false,"external_reference_number":null,"fee":2100,"instant_settlement":null,"livemode":false,"net_amount":81900,"origin":"api","payment_intent_id":"pi_MzKE4euicewu6aW6HrWuLFjH","payout":null,"source":{"id":"src_zBHu3PgJ3xVQrh81ozbUDf1n","type":"gcash","provider":{"id":null},"provider_id":null},"statement_descriptor":"JOHN SAMUEL GALANG DIZON","status":"paid","tax_amount":null,"metadata":null,"promotion":null,"refunds":[],"taxes":[],"available_at":1776848400,"created_at":1776512258,"credited_at":1776906000,"paid_at":1776512257,"updated_at":1776512258}}],"payment_intent":{"id":"pi_MzKE4euicewu6aW6HrWuLFjH","type":"payment_intent","attributes":{"amount":84000,"capture_type":"automatic","client_key":"pi_MzKE4euicewu6aW6HrWuLFjH_client_WPuDPcV8jbxXposL1nnEkQr8","currency":"PHP","description":"KapeBara Order","livemode":false,"original_amount":84000,"statement_descriptor":"JOHN SAMUEL GALANG DIZON","status":"succeeded","last_payment_error":null,"payment_method_allowed":["card","paymaya","gcash","dob"],"payments":[{"id":"pay_eehTtwLr4URQkEKx4Deposuc","type":"payment","attributes":{"access_url":null,"amount":84000,"balance_transaction_id":"bal_txn_DumBAdsMdttuTQks9gcCrd66","billing":{"address":{"city":null,"country":null,"line1":null,"line2":null,"postal_code":null,"state":null},"email":"samgreen22diz@gmail.com","name":"John Samuel Dizon","phone":"09092034621"},"currency":"PHP","description":"KapeBara Order","digital_withholding_vat_amount":0,"disputed":false,"external_reference_number":null,"fee":2100,"instant_settlement":null,"livemode":false,"net_amount":81900,"origin":"api","payment_intent_id":"pi_MzKE4euicewu6aW6HrWuLFjH","payout":null,"source":{"id":"src_zBHu3PgJ3xVQrh81ozbUDf1n","type":"gcash","provider":{"id":null},"provider_id":null},"statement_descriptor":"JOHN SAMUEL GALANG DIZON","status":"paid","tax_amount":null,"metadata":null,"promotion":null,"refunds":[],"taxes":[],"available_at":1776848400,"created_at":1776512258,"credited_at":1776906000,"paid_at":1776512257,"updated_at":1776512258}}],"next_action":null,"payment_method_options":{"card":{"request_three_d_secure":"any"}},"metadata":null,"setup_future_usage":null,"created_at":1776512111,"updated_at":1776512258}},"payment_method_types":[],"payment_method_used":"gcash","reference_number":null,"send_email_receipt":false,"show_description":true,"show_line_items":true,"status":"active","success_url":"http://localhost/WST/Main/success.html","created_at":1776512111,"updated_at":1776512255,"metadata":null}},"previous_data":{},"pending_webhooks":1,"created_at":1776512259,"updated_at":1776512259}}}
[2026-04-18 13:38:00] DB connected successfully
[2026-04-18 13:38:00] Event type: checkout_session.payment.paid
[2026-04-18 13:38:00] Session ID: cs_5a1b7bbdcdb334cb7fc38d8b
[2026-04-18 13:38:00] Pending order found: YES
[2026-04-18 13:38:00] User ID: 13 | Order total: 840.00
[2026-04-18 13:38:00] Raw cart rows for user 13: [{"id":30,"user_id":13,"product_id":1,"quantity":2,"created_at":"2026-04-07 19:30:49"},{"id":31,"user_id":13,"product_id":3,"quantity":1,"created_at":"2026-04-07 19:30:51"},{"id":32,"user_id":13,"product_id":4,"quantity":1,"created_at":"2026-04-07 19:30:53"},{"id":33,"user_id":13,"product_id":17,"quantity":1,"created_at":"2026-04-07 19:30:57"},{"id":35,"user_id":13,"product_id":13,"quantity":1,"created_at":"2026-04-07 19:31:01"},{"id":36,"user_id":13,"product_id":14,"quantity":1,"created_at":"2026-04-07 19:31:02"}]
[2026-04-18 13:38:00] Cart items found: 6
[2026-04-18 13:38:00] Cart items data: [{"quantity":2,"price":"140.00","product_id":1},{"quantity":1,"price":"140.00","product_id":3},{"quantity":1,"price":"100.00","product_id":4},{"quantity":1,"price":"60.00","product_id":17},{"quantity":1,"price":"80.00","product_id":13},{"quantity":1,"price":"80.00","product_id":14}]
[2026-04-18 13:38:00] Transaction started
[2026-04-18 13:38:00] CAUGHT EXCEPTION: Unknown column 'user_id' in 'field list'
[2026-04-18 13:38:00] DB last error: 
[2026-04-18 13:38:13] === WEBHOOK HIT ===
[2026-04-18 13:38:13] Raw payload: {"data":{"id":"evt_HsXHNopjVrs8X55WPGc7w5xS","type":"event","attributes":{"type":"checkout_session.payment.paid","livemode":false,"data":{"id":"cs_5a1b7bbdcdb334cb7fc38d8b","type":"checkout_session","attributes":{"billing":{"address":{"city":null,"country":null,"line1":null,"line2":null,"postal_code":null,"state":null},"email":null,"name":null,"phone":null},"billing_information_fields_editable":"enabled","cancel_url":"http://localhost/WST/Main/CART.html","checkout_url":"https://checkout.paymongo.com/cs_5a1b7bbdcdb334cb7fc38d8b_client_91647924cebe86d3913b105a#cGtfdGVzdF8zR3VmYkxEckdkNllFbW45V1lZM2tjTTY=","client_key":"cs_5a1b7bbdcdb334cb7fc38d8b_client_91647924cebe86d3913b105a","customer_email":null,"customer_id":null,"description":"KapeBara Order","line_items":[{"amount":14000,"currency":"PHP","description":null,"images":[],"name":"Caramel Macchiato","quantity":2},{"amount":14000,"currency":"PHP","description":null,"images":[],"name":"Taro Frappe","quantity":1},{"amount":10000,"currency":"PHP","description":null,"images":[],"name":"Americano","quantity":1},{"amount":6000,"currency":"PHP","description":null,"images":[],"name":"Banana Bread","quantity":1},{"amount":8000,"currency":"PHP","description":null,"images":[],"name":"Ranch Fries","quantity":1},{"amount":8000,"currency":"PHP","description":null,"images":[],"name":"Hot Fries","quantity":1},{"amount":10000,"currency":"PHP","description":null,"images":[],"name":"Shipping Fee","quantity":1}],"livemode":false,"merchant":"JOHN SAMUEL GALANG DIZON","paid_at":1776512257,"payments":[{"id":"pay_eehTtwLr4URQkEKx4Deposuc","type":"payment","attributes":{"access_url":null,"amount":84000,"balance_transaction_id":"bal_txn_DumBAdsMdttuTQks9gcCrd66","billing":{"address":{"city":null,"country":null,"line1":null,"line2":null,"postal_code":null,"state":null},"email":"samgreen22diz@gmail.com","name":"John Samuel Dizon","phone":"09092034621"},"currency":"PHP","description":"KapeBara Order","digital_withholding_vat_amount":0,"disputed":false,"external_reference_number":null,"fee":2100,"instant_settlement":null,"livemode":false,"net_amount":81900,"origin":"api","payment_intent_id":"pi_MzKE4euicewu6aW6HrWuLFjH","payout":null,"source":{"id":"src_zBHu3PgJ3xVQrh81ozbUDf1n","type":"gcash","provider":{"id":null},"provider_id":null},"statement_descriptor":"JOHN SAMUEL GALANG DIZON","status":"paid","tax_amount":null,"metadata":null,"promotion":null,"refunds":[],"taxes":[],"available_at":1776848400,"created_at":1776512258,"credited_at":1776906000,"paid_at":1776512257,"updated_at":1776512258}}],"payment_intent":{"id":"pi_MzKE4euicewu6aW6HrWuLFjH","type":"payment_intent","attributes":{"amount":84000,"capture_type":"automatic","client_key":"pi_MzKE4euicewu6aW6HrWuLFjH_client_WPuDPcV8jbxXposL1nnEkQr8","currency":"PHP","description":"KapeBara Order","livemode":false,"original_amount":84000,"statement_descriptor":"JOHN SAMUEL GALANG DIZON","status":"succeeded","last_payment_error":null,"payment_method_allowed":["card","paymaya","gcash","dob"],"payments":[{"id":"pay_eehTtwLr4URQkEKx4Deposuc","type":"payment","attributes":{"access_url":null,"amount":84000,"balance_transaction_id":"bal_txn_DumBAdsMdttuTQks9gcCrd66","billing":{"address":{"city":null,"country":null,"line1":null,"line2":null,"postal_code":null,"state":null},"email":"samgreen22diz@gmail.com","name":"John Samuel Dizon","phone":"09092034621"},"currency":"PHP","description":"KapeBara Order","digital_withholding_vat_amount":0,"disputed":false,"external_reference_number":null,"fee":2100,"instant_settlement":null,"livemode":false,"net_amount":81900,"origin":"api","payment_intent_id":"pi_MzKE4euicewu6aW6HrWuLFjH","payout":null,"source":{"id":"src_zBHu3PgJ3xVQrh81ozbUDf1n","type":"gcash","provider":{"id":null},"provider_id":null},"statement_descriptor":"JOHN SAMUEL GALANG DIZON","status":"paid","tax_amount":null,"metadata":null,"promotion":null,"refunds":[],"taxes":[],"available_at":1776848400,"created_at":1776512258,"credited_at":1776906000,"paid_at":1776512257,"updated_at":1776512258}}],"next_action":null,"payment_method_options":{"card":{"request_three_d_secure":"any"}},"metadata":null,"setup_future_usage":null,"created_at":1776512111,"updated_at":1776512258}},"payment_method_types":[],"payment_method_used":"gcash","reference_number":null,"send_email_receipt":false,"show_description":true,"show_line_items":true,"status":"active","success_url":"http://localhost/WST/Main/success.html","created_at":1776512111,"updated_at":1776512255,"metadata":null}},"previous_data":{},"pending_webhooks":1,"created_at":1776512259,"updated_at":1776512259}}}
[2026-04-18 13:38:13] DB connected successfully
[2026-04-18 13:38:13] Event type: checkout_session.payment.paid
[2026-04-18 13:38:13] Session ID: cs_5a1b7bbdcdb334cb7fc38d8b
[2026-04-18 13:38:13] Pending order found: YES
[2026-04-18 13:38:13] User ID: 13 | Order total: 840.00
[2026-04-18 13:38:13] Raw cart rows for user 13: [{"id":30,"user_id":13,"product_id":1,"quantity":2,"created_at":"2026-04-07 19:30:49"},{"id":31,"user_id":13,"product_id":3,"quantity":1,"created_at":"2026-04-07 19:30:51"},{"id":32,"user_id":13,"product_id":4,"quantity":1,"created_at":"2026-04-07 19:30:53"},{"id":33,"user_id":13,"product_id":17,"quantity":1,"created_at":"2026-04-07 19:30:57"},{"id":35,"user_id":13,"product_id":13,"quantity":1,"created_at":"2026-04-07 19:31:01"},{"id":36,"user_id":13,"product_id":14,"quantity":1,"created_at":"2026-04-07 19:31:02"}]
[2026-04-18 13:38:13] Cart items found: 6
[2026-04-18 13:38:13] Cart items data: [{"quantity":2,"price":"140.00","product_id":1},{"quantity":1,"price":"140.00","product_id":3},{"quantity":1,"price":"100.00","product_id":4},{"quantity":1,"price":"60.00","product_id":17},{"quantity":1,"price":"80.00","product_id":13},{"quantity":1,"price":"80.00","product_id":14}]
[2026-04-18 13:38:13] Transaction started
[2026-04-18 13:38:13] CAUGHT EXCEPTION: Unknown column 'user_id' in 'field list'
[2026-04-18 13:38:13] DB last error: 
[2026-04-18 13:38:38] === WEBHOOK HIT ===
[2026-04-18 13:38:38] Raw payload: {"data":{"id":"evt_HsXHNopjVrs8X55WPGc7w5xS","type":"event","attributes":{"type":"checkout_session.payment.paid","livemode":false,"data":{"id":"cs_5a1b7bbdcdb334cb7fc38d8b","type":"checkout_session","attributes":{"billing":{"address":{"city":null,"country":null,"line1":null,"line2":null,"postal_code":null,"state":null},"email":null,"name":null,"phone":null},"billing_information_fields_editable":"enabled","cancel_url":"http://localhost/WST/Main/CART.html","checkout_url":"https://checkout.paymongo.com/cs_5a1b7bbdcdb334cb7fc38d8b_client_91647924cebe86d3913b105a#cGtfdGVzdF8zR3VmYkxEckdkNllFbW45V1lZM2tjTTY=","client_key":"cs_5a1b7bbdcdb334cb7fc38d8b_client_91647924cebe86d3913b105a","customer_email":null,"customer_id":null,"description":"KapeBara Order","line_items":[{"amount":14000,"currency":"PHP","description":null,"images":[],"name":"Caramel Macchiato","quantity":2},{"amount":14000,"currency":"PHP","description":null,"images":[],"name":"Taro Frappe","quantity":1},{"amount":10000,"currency":"PHP","description":null,"images":[],"name":"Americano","quantity":1},{"amount":6000,"currency":"PHP","description":null,"images":[],"name":"Banana Bread","quantity":1},{"amount":8000,"currency":"PHP","description":null,"images":[],"name":"Ranch Fries","quantity":1},{"amount":8000,"currency":"PHP","description":null,"images":[],"name":"Hot Fries","quantity":1},{"amount":10000,"currency":"PHP","description":null,"images":[],"name":"Shipping Fee","quantity":1}],"livemode":false,"merchant":"JOHN SAMUEL GALANG DIZON","paid_at":1776512257,"payments":[{"id":"pay_eehTtwLr4URQkEKx4Deposuc","type":"payment","attributes":{"access_url":null,"amount":84000,"balance_transaction_id":"bal_txn_DumBAdsMdttuTQks9gcCrd66","billing":{"address":{"city":null,"country":null,"line1":null,"line2":null,"postal_code":null,"state":null},"email":"samgreen22diz@gmail.com","name":"John Samuel Dizon","phone":"09092034621"},"currency":"PHP","description":"KapeBara Order","digital_withholding_vat_amount":0,"disputed":false,"external_reference_number":null,"fee":2100,"instant_settlement":null,"livemode":false,"net_amount":81900,"origin":"api","payment_intent_id":"pi_MzKE4euicewu6aW6HrWuLFjH","payout":null,"source":{"id":"src_zBHu3PgJ3xVQrh81ozbUDf1n","type":"gcash","provider":{"id":null},"provider_id":null},"statement_descriptor":"JOHN SAMUEL GALANG DIZON","status":"paid","tax_amount":null,"metadata":null,"promotion":null,"refunds":[],"taxes":[],"available_at":1776848400,"created_at":1776512258,"credited_at":1776906000,"paid_at":1776512257,"updated_at":1776512258}}],"payment_intent":{"id":"pi_MzKE4euicewu6aW6HrWuLFjH","type":"payment_intent","attributes":{"amount":84000,"capture_type":"automatic","client_key":"pi_MzKE4euicewu6aW6HrWuLFjH_client_WPuDPcV8jbxXposL1nnEkQr8","currency":"PHP","description":"KapeBara Order","livemode":false,"original_amount":84000,"statement_descriptor":"JOHN SAMUEL GALANG DIZON","status":"succeeded","last_payment_error":null,"payment_method_allowed":["card","paymaya","gcash","dob"],"payments":[{"id":"pay_eehTtwLr4URQkEKx4Deposuc","type":"payment","attributes":{"access_url":null,"amount":84000,"balance_transaction_id":"bal_txn_DumBAdsMdttuTQks9gcCrd66","billing":{"address":{"city":null,"country":null,"line1":null,"line2":null,"postal_code":null,"state":null},"email":"samgreen22diz@gmail.com","name":"John Samuel Dizon","phone":"09092034621"},"currency":"PHP","description":"KapeBara Order","digital_withholding_vat_amount":0,"disputed":false,"external_reference_number":null,"fee":2100,"instant_settlement":null,"livemode":false,"net_amount":81900,"origin":"api","payment_intent_id":"pi_MzKE4euicewu6aW6HrWuLFjH","payout":null,"source":{"id":"src_zBHu3PgJ3xVQrh81ozbUDf1n","type":"gcash","provider":{"id":null},"provider_id":null},"statement_descriptor":"JOHN SAMUEL GALANG DIZON","status":"paid","tax_amount":null,"metadata":null,"promotion":null,"refunds":[],"taxes":[],"available_at":1776848400,"created_at":1776512258,"credited_at":1776906000,"paid_at":1776512257,"updated_at":1776512258}}],"next_action":null,"payment_method_options":{"card":{"request_three_d_secure":"any"}},"metadata":null,"setup_future_usage":null,"created_at":1776512111,"updated_at":1776512258}},"payment_method_types":[],"payment_method_used":"gcash","reference_number":null,"send_email_receipt":false,"show_description":true,"show_line_items":true,"status":"active","success_url":"http://localhost/WST/Main/success.html","created_at":1776512111,"updated_at":1776512255,"metadata":null}},"previous_data":{},"pending_webhooks":1,"created_at":1776512259,"updated_at":1776512259}}}
[2026-04-18 13:38:38] DB connected successfully
[2026-04-18 13:38:38] Event type: checkout_session.payment.paid
[2026-04-18 13:38:38] Session ID: cs_5a1b7bbdcdb334cb7fc38d8b
[2026-04-18 13:38:38] Pending order found: YES
[2026-04-18 13:38:38] User ID: 13 | Order total: 840.00
[2026-04-18 13:38:38] Raw cart rows for user 13: [{"id":30,"user_id":13,"product_id":1,"quantity":2,"created_at":"2026-04-07 19:30:49"},{"id":31,"user_id":13,"product_id":3,"quantity":1,"created_at":"2026-04-07 19:30:51"},{"id":32,"user_id":13,"product_id":4,"quantity":1,"created_at":"2026-04-07 19:30:53"},{"id":33,"user_id":13,"product_id":17,"quantity":1,"created_at":"2026-04-07 19:30:57"},{"id":35,"user_id":13,"product_id":13,"quantity":1,"created_at":"2026-04-07 19:31:01"},{"id":36,"user_id":13,"product_id":14,"quantity":1,"created_at":"2026-04-07 19:31:02"}]
[2026-04-18 13:38:38] Cart items found: 6
[2026-04-18 13:38:38] Cart items data: [{"quantity":2,"price":"140.00","product_id":1},{"quantity":1,"price":"140.00","product_id":3},{"quantity":1,"price":"100.00","product_id":4},{"quantity":1,"price":"60.00","product_id":17},{"quantity":1,"price":"80.00","product_id":13},{"quantity":1,"price":"80.00","product_id":14}]
[2026-04-18 13:38:38] Transaction started
[2026-04-18 13:38:38] CAUGHT EXCEPTION: Unknown column 'user_id' in 'field list'
[2026-04-18 13:38:38] DB last error: 
[2026-04-18 13:39:12] === WEBHOOK HIT ===
[2026-04-18 13:39:12] Raw payload: {"data":{"id":"evt_HsXHNopjVrs8X55WPGc7w5xS","type":"event","attributes":{"type":"checkout_session.payment.paid","livemode":false,"data":{"id":"cs_5a1b7bbdcdb334cb7fc38d8b","type":"checkout_session","attributes":{"billing":{"address":{"city":null,"country":null,"line1":null,"line2":null,"postal_code":null,"state":null},"email":null,"name":null,"phone":null},"billing_information_fields_editable":"enabled","cancel_url":"http://localhost/WST/Main/CART.html","checkout_url":"https://checkout.paymongo.com/cs_5a1b7bbdcdb334cb7fc38d8b_client_91647924cebe86d3913b105a#cGtfdGVzdF8zR3VmYkxEckdkNllFbW45V1lZM2tjTTY=","client_key":"cs_5a1b7bbdcdb334cb7fc38d8b_client_91647924cebe86d3913b105a","customer_email":null,"customer_id":null,"description":"KapeBara Order","line_items":[{"amount":14000,"currency":"PHP","description":null,"images":[],"name":"Caramel Macchiato","quantity":2},{"amount":14000,"currency":"PHP","description":null,"images":[],"name":"Taro Frappe","quantity":1},{"amount":10000,"currency":"PHP","description":null,"images":[],"name":"Americano","quantity":1},{"amount":6000,"currency":"PHP","description":null,"images":[],"name":"Banana Bread","quantity":1},{"amount":8000,"currency":"PHP","description":null,"images":[],"name":"Ranch Fries","quantity":1},{"amount":8000,"currency":"PHP","description":null,"images":[],"name":"Hot Fries","quantity":1},{"amount":10000,"currency":"PHP","description":null,"images":[],"name":"Shipping Fee","quantity":1}],"livemode":false,"merchant":"JOHN SAMUEL GALANG DIZON","paid_at":1776512257,"payments":[{"id":"pay_eehTtwLr4URQkEKx4Deposuc","type":"payment","attributes":{"access_url":null,"amount":84000,"balance_transaction_id":"bal_txn_DumBAdsMdttuTQks9gcCrd66","billing":{"address":{"city":null,"country":null,"line1":null,"line2":null,"postal_code":null,"state":null},"email":"samgreen22diz@gmail.com","name":"John Samuel Dizon","phone":"09092034621"},"currency":"PHP","description":"KapeBara Order","digital_withholding_vat_amount":0,"disputed":false,"external_reference_number":null,"fee":2100,"instant_settlement":null,"livemode":false,"net_amount":81900,"origin":"api","payment_intent_id":"pi_MzKE4euicewu6aW6HrWuLFjH","payout":null,"source":{"id":"src_zBHu3PgJ3xVQrh81ozbUDf1n","type":"gcash","provider":{"id":null},"provider_id":null},"statement_descriptor":"JOHN SAMUEL GALANG DIZON","status":"paid","tax_amount":null,"metadata":null,"promotion":null,"refunds":[],"taxes":[],"available_at":1776848400,"created_at":1776512258,"credited_at":1776906000,"paid_at":1776512257,"updated_at":1776512258}}],"payment_intent":{"id":"pi_MzKE4euicewu6aW6HrWuLFjH","type":"payment_intent","attributes":{"amount":84000,"capture_type":"automatic","client_key":"pi_MzKE4euicewu6aW6HrWuLFjH_client_WPuDPcV8jbxXposL1nnEkQr8","currency":"PHP","description":"KapeBara Order","livemode":false,"original_amount":84000,"statement_descriptor":"JOHN SAMUEL GALANG DIZON","status":"succeeded","last_payment_error":null,"payment_method_allowed":["card","paymaya","gcash","dob"],"payments":[{"id":"pay_eehTtwLr4URQkEKx4Deposuc","type":"payment","attributes":{"access_url":null,"amount":84000,"balance_transaction_id":"bal_txn_DumBAdsMdttuTQks9gcCrd66","billing":{"address":{"city":null,"country":null,"line1":null,"line2":null,"postal_code":null,"state":null},"email":"samgreen22diz@gmail.com","name":"John Samuel Dizon","phone":"09092034621"},"currency":"PHP","description":"KapeBara Order","digital_withholding_vat_amount":0,"disputed":false,"external_reference_number":null,"fee":2100,"instant_settlement":null,"livemode":false,"net_amount":81900,"origin":"api","payment_intent_id":"pi_MzKE4euicewu6aW6HrWuLFjH","payout":null,"source":{"id":"src_zBHu3PgJ3xVQrh81ozbUDf1n","type":"gcash","provider":{"id":null},"provider_id":null},"statement_descriptor":"JOHN SAMUEL GALANG DIZON","status":"paid","tax_amount":null,"metadata":null,"promotion":null,"refunds":[],"taxes":[],"available_at":1776848400,"created_at":1776512258,"credited_at":1776906000,"paid_at":1776512257,"updated_at":1776512258}}],"next_action":null,"payment_method_options":{"card":{"request_three_d_secure":"any"}},"metadata":null,"setup_future_usage":null,"created_at":1776512111,"updated_at":1776512258}},"payment_method_types":[],"payment_method_used":"gcash","reference_number":null,"send_email_receipt":false,"show_description":true,"show_line_items":true,"status":"active","success_url":"http://localhost/WST/Main/success.html","created_at":1776512111,"updated_at":1776512255,"metadata":null}},"previous_data":{},"pending_webhooks":1,"created_at":1776512259,"updated_at":1776512259}}}
[2026-04-18 13:39:12] DB connected successfully
[2026-04-18 13:39:12] Event type: checkout_session.payment.paid
[2026-04-18 13:39:12] Session ID: cs_5a1b7bbdcdb334cb7fc38d8b
[2026-04-18 13:39:12] Pending order found: YES
[2026-04-18 13:39:12] User ID: 13 | Order total: 840.00
[2026-04-18 13:39:12] Raw cart rows for user 13: [{"id":30,"user_id":13,"product_id":1,"quantity":2,"created_at":"2026-04-07 19:30:49"},{"id":31,"user_id":13,"product_id":3,"quantity":1,"created_at":"2026-04-07 19:30:51"},{"id":32,"user_id":13,"product_id":4,"quantity":1,"created_at":"2026-04-07 19:30:53"},{"id":33,"user_id":13,"product_id":17,"quantity":1,"created_at":"2026-04-07 19:30:57"},{"id":35,"user_id":13,"product_id":13,"quantity":1,"created_at":"2026-04-07 19:31:01"},{"id":36,"user_id":13,"product_id":14,"quantity":1,"created_at":"2026-04-07 19:31:02"}]
[2026-04-18 13:39:12] Cart items found: 6
[2026-04-18 13:39:12] Cart items data: [{"quantity":2,"price":"140.00","product_id":1},{"quantity":1,"price":"140.00","product_id":3},{"quantity":1,"price":"100.00","product_id":4},{"quantity":1,"price":"60.00","product_id":17},{"quantity":1,"price":"80.00","product_id":13},{"quantity":1,"price":"80.00","product_id":14}]
[2026-04-18 13:39:12] Transaction started
[2026-04-18 13:39:12] CAUGHT EXCEPTION: Unknown column 'user_id' in 'field list'
[2026-04-18 13:39:12] DB last error: 
[2026-04-18 13:39:27] === WEBHOOK HIT ===
[2026-04-18 13:39:27] Raw payload: {"data":{"id":"evt_TyT7XrhXpTincqqAATJGC7oi","type":"event","attributes":{"type":"checkout_session.payment.paid","livemode":false,"data":{"id":"cs_6dfd903640d6f593579a8cff","type":"checkout_session","attributes":{"billing":{"address":{"city":null,"country":null,"line1":null,"line2":null,"postal_code":null,"state":null},"email":null,"name":null,"phone":null},"billing_information_fields_editable":"enabled","cancel_url":"http://localhost/WST/Main/CART.html","checkout_url":"https://checkout.paymongo.com/cs_6dfd903640d6f593579a8cff_client_58ae75c408e9536d05dd1de4#cGtfdGVzdF8zR3VmYkxEckdkNllFbW45V1lZM2tjTTY=","client_key":"cs_6dfd903640d6f593579a8cff_client_58ae75c408e9536d05dd1de4","customer_email":null,"customer_id":null,"description":"KapeBara Order","line_items":[{"amount":14000,"currency":"PHP","description":null,"images":[],"name":"Caramel Macchiato","quantity":2},{"amount":14000,"currency":"PHP","description":null,"images":[],"name":"Taro Frappe","quantity":1},{"amount":10000,"currency":"PHP","description":null,"images":[],"name":"Americano","quantity":1},{"amount":6000,"currency":"PHP","description":null,"images":[],"name":"Banana Bread","quantity":1},{"amount":8000,"currency":"PHP","description":null,"images":[],"name":"Ranch Fries","quantity":1},{"amount":8000,"currency":"PHP","description":null,"images":[],"name":"Hot Fries","quantity":1},{"amount":10000,"currency":"PHP","description":null,"images":[],"name":"Shipping Fee","quantity":1}],"livemode":false,"merchant":"JOHN SAMUEL GALANG DIZON","paid_at":1776512079,"payments":[{"id":"pay_3exeXDYz46xZx3tk6iNyXAnx","type":"payment","attributes":{"access_url":null,"amount":84000,"balance_transaction_id":"bal_txn_1aqBQueHr6dxBmmANZdVqqga","billing":{"address":{"city":null,"country":null,"line1":null,"line2":null,"postal_code":null,"state":null},"email":"samgreen22diz@gmail.com","name":"John Samuel Dizon","phone":"09092034621"},"currency":"PHP","description":"KapeBara Order","digital_withholding_vat_amount":0,"disputed":false,"external_reference_number":null,"fee":2100,"instant_settlement":null,"livemode":false,"net_amount":81900,"origin":"api","payment_intent_id":"pi_HtSXGe2SbGoRWfdzMdcT2Pu9","payout":null,"source":{"id":"src_eSUAAhTRFVta8wcNYYCkctRk","type":"gcash","provider":{"id":null},"provider_id":null},"statement_descriptor":"JOHN SAMUEL GALANG DIZON","status":"paid","tax_amount":null,"metadata":null,"promotion":null,"refunds":[],"taxes":[],"available_at":1776848400,"created_at":1776512079,"credited_at":1776906000,"paid_at":1776512079,"updated_at":1776512079}}],"payment_intent":{"id":"pi_HtSXGe2SbGoRWfdzMdcT2Pu9","type":"payment_intent","attributes":{"amount":84000,"capture_type":"automatic","client_key":"pi_HtSXGe2SbGoRWfdzMdcT2Pu9_client_KuNz9t1kyVyrjgKMpfQuxKhd","currency":"PHP","description":"KapeBara Order","livemode":false,"original_amount":84000,"statement_descriptor":"JOHN SAMUEL GALANG DIZON","status":"succeeded","last_payment_error":null,"payment_method_allowed":["dob","gcash","paymaya","card"],"payments":[{"id":"pay_3exeXDYz46xZx3tk6iNyXAnx","type":"payment","attributes":{"access_url":null,"amount":84000,"balance_transaction_id":"bal_txn_1aqBQueHr6dxBmmANZdVqqga","billing":{"address":{"city":null,"country":null,"line1":null,"line2":null,"postal_code":null,"state":null},"email":"samgreen22diz@gmail.com","name":"John Samuel Dizon","phone":"09092034621"},"currency":"PHP","description":"KapeBara Order","digital_withholding_vat_amount":0,"disputed":false,"external_reference_number":null,"fee":2100,"instant_settlement":null,"livemode":false,"net_amount":81900,"origin":"api","payment_intent_id":"pi_HtSXGe2SbGoRWfdzMdcT2Pu9","payout":null,"source":{"id":"src_eSUAAhTRFVta8wcNYYCkctRk","type":"gcash","provider":{"id":null},"provider_id":null},"statement_descriptor":"JOHN SAMUEL GALANG DIZON","status":"paid","tax_amount":null,"metadata":null,"promotion":null,"refunds":[],"taxes":[],"available_at":1776848400,"created_at":1776512079,"credited_at":1776906000,"paid_at":1776512079,"updated_at":1776512079}}],"next_action":null,"payment_method_options":{"card":{"request_three_d_secure":"any"}},"metadata":null,"setup_future_usage":null,"created_at":1776512073,"updated_at":1776512079}},"payment_method_types":[],"payment_method_used":"gcash","reference_number":null,"send_email_receipt":false,"show_description":true,"show_line_items":true,"status":"active","success_url":"http://localhost/WST/Main/success.html","created_at":1776512073,"updated_at":1776512077,"metadata":null}},"previous_data":{},"pending_webhooks":1,"created_at":1776512080,"updated_at":1776512080}}}
[2026-04-18 13:39:27] DB connected successfully
[2026-04-18 13:39:27] Event type: checkout_session.payment.paid
[2026-04-18 13:39:27] Session ID: cs_6dfd903640d6f593579a8cff
[2026-04-18 13:39:27] Pending order found: YES
[2026-04-18 13:39:27] User ID: 13 | Order total: 840.00
[2026-04-18 13:39:27] Raw cart rows for user 13: [{"id":30,"user_id":13,"product_id":1,"quantity":2,"created_at":"2026-04-07 19:30:49"},{"id":31,"user_id":13,"product_id":3,"quantity":1,"created_at":"2026-04-07 19:30:51"},{"id":32,"user_id":13,"product_id":4,"quantity":1,"created_at":"2026-04-07 19:30:53"},{"id":33,"user_id":13,"product_id":17,"quantity":1,"created_at":"2026-04-07 19:30:57"},{"id":35,"user_id":13,"product_id":13,"quantity":1,"created_at":"2026-04-07 19:31:01"},{"id":36,"user_id":13,"product_id":14,"quantity":1,"created_at":"2026-04-07 19:31:02"}]
[2026-04-18 13:39:27] Cart items found: 6
[2026-04-18 13:39:27] Cart items data: [{"quantity":2,"price":"140.00","product_id":1},{"quantity":1,"price":"140.00","product_id":3},{"quantity":1,"price":"100.00","product_id":4},{"quantity":1,"price":"60.00","product_id":17},{"quantity":1,"price":"80.00","product_id":13},{"quantity":1,"price":"80.00","product_id":14}]
[2026-04-18 13:39:27] Transaction started
[2026-04-18 13:39:27] CAUGHT EXCEPTION: Unknown column 'user_id' in 'field list'
[2026-04-18 13:39:27] DB last error: 
[2026-04-18 13:40:21] === WEBHOOK HIT ===
[2026-04-18 13:40:21] Raw payload: {"data":{"id":"evt_HsXHNopjVrs8X55WPGc7w5xS","type":"event","attributes":{"type":"checkout_session.payment.paid","livemode":false,"data":{"id":"cs_5a1b7bbdcdb334cb7fc38d8b","type":"checkout_session","attributes":{"billing":{"address":{"city":null,"country":null,"line1":null,"line2":null,"postal_code":null,"state":null},"email":null,"name":null,"phone":null},"billing_information_fields_editable":"enabled","cancel_url":"http://localhost/WST/Main/CART.html","checkout_url":"https://checkout.paymongo.com/cs_5a1b7bbdcdb334cb7fc38d8b_client_91647924cebe86d3913b105a#cGtfdGVzdF8zR3VmYkxEckdkNllFbW45V1lZM2tjTTY=","client_key":"cs_5a1b7bbdcdb334cb7fc38d8b_client_91647924cebe86d3913b105a","customer_email":null,"customer_id":null,"description":"KapeBara Order","line_items":[{"amount":14000,"currency":"PHP","description":null,"images":[],"name":"Caramel Macchiato","quantity":2},{"amount":14000,"currency":"PHP","description":null,"images":[],"name":"Taro Frappe","quantity":1},{"amount":10000,"currency":"PHP","description":null,"images":[],"name":"Americano","quantity":1},{"amount":6000,"currency":"PHP","description":null,"images":[],"name":"Banana Bread","quantity":1},{"amount":8000,"currency":"PHP","description":null,"images":[],"name":"Ranch Fries","quantity":1},{"amount":8000,"currency":"PHP","description":null,"images":[],"name":"Hot Fries","quantity":1},{"amount":10000,"currency":"PHP","description":null,"images":[],"name":"Shipping Fee","quantity":1}],"livemode":false,"merchant":"JOHN SAMUEL GALANG DIZON","paid_at":1776512257,"payments":[{"id":"pay_eehTtwLr4URQkEKx4Deposuc","type":"payment","attributes":{"access_url":null,"amount":84000,"balance_transaction_id":"bal_txn_DumBAdsMdttuTQks9gcCrd66","billing":{"address":{"city":null,"country":null,"line1":null,"line2":null,"postal_code":null,"state":null},"email":"samgreen22diz@gmail.com","name":"John Samuel Dizon","phone":"09092034621"},"currency":"PHP","description":"KapeBara Order","digital_withholding_vat_amount":0,"disputed":false,"external_reference_number":null,"fee":2100,"instant_settlement":null,"livemode":false,"net_amount":81900,"origin":"api","payment_intent_id":"pi_MzKE4euicewu6aW6HrWuLFjH","payout":null,"source":{"id":"src_zBHu3PgJ3xVQrh81ozbUDf1n","type":"gcash","provider":{"id":null},"provider_id":null},"statement_descriptor":"JOHN SAMUEL GALANG DIZON","status":"paid","tax_amount":null,"metadata":null,"promotion":null,"refunds":[],"taxes":[],"available_at":1776848400,"created_at":1776512258,"credited_at":1776906000,"paid_at":1776512257,"updated_at":1776512258}}],"payment_intent":{"id":"pi_MzKE4euicewu6aW6HrWuLFjH","type":"payment_intent","attributes":{"amount":84000,"capture_type":"automatic","client_key":"pi_MzKE4euicewu6aW6HrWuLFjH_client_WPuDPcV8jbxXposL1nnEkQr8","currency":"PHP","description":"KapeBara Order","livemode":false,"original_amount":84000,"statement_descriptor":"JOHN SAMUEL GALANG DIZON","status":"succeeded","last_payment_error":null,"payment_method_allowed":["card","paymaya","gcash","dob"],"payments":[{"id":"pay_eehTtwLr4URQkEKx4Deposuc","type":"payment","attributes":{"access_url":null,"amount":84000,"balance_transaction_id":"bal_txn_DumBAdsMdttuTQks9gcCrd66","billing":{"address":{"city":null,"country":null,"line1":null,"line2":null,"postal_code":null,"state":null},"email":"samgreen22diz@gmail.com","name":"John Samuel Dizon","phone":"09092034621"},"currency":"PHP","description":"KapeBara Order","digital_withholding_vat_amount":0,"disputed":false,"external_reference_number":null,"fee":2100,"instant_settlement":null,"livemode":false,"net_amount":81900,"origin":"api","payment_intent_id":"pi_MzKE4euicewu6aW6HrWuLFjH","payout":null,"source":{"id":"src_zBHu3PgJ3xVQrh81ozbUDf1n","type":"gcash","provider":{"id":null},"provider_id":null},"statement_descriptor":"JOHN SAMUEL GALANG DIZON","status":"paid","tax_amount":null,"metadata":null,"promotion":null,"refunds":[],"taxes":[],"available_at":1776848400,"created_at":1776512258,"credited_at":1776906000,"paid_at":1776512257,"updated_at":1776512258}}],"next_action":null,"payment_method_options":{"card":{"request_three_d_secure":"any"}},"metadata":null,"setup_future_usage":null,"created_at":1776512111,"updated_at":1776512258}},"payment_method_types":[],"payment_method_used":"gcash","reference_number":null,"send_email_receipt":false,"show_description":true,"show_line_items":true,"status":"active","success_url":"http://localhost/WST/Main/success.html","created_at":1776512111,"updated_at":1776512255,"metadata":null}},"previous_data":{},"pending_webhooks":1,"created_at":1776512259,"updated_at":1776512259}}}
[2026-04-18 13:40:21] DB connected successfully
[2026-04-18 13:40:21] Event type: checkout_session.payment.paid
[2026-04-18 13:40:21] Session ID: cs_5a1b7bbdcdb334cb7fc38d8b
[2026-04-18 13:40:21] Pending order found: YES
[2026-04-18 13:40:21] User ID: 13 | Order total: 840.00
[2026-04-18 13:40:21] Raw cart rows for user 13: [{"id":30,"user_id":13,"product_id":1,"quantity":2,"created_at":"2026-04-07 19:30:49"},{"id":31,"user_id":13,"product_id":3,"quantity":1,"created_at":"2026-04-07 19:30:51"},{"id":32,"user_id":13,"product_id":4,"quantity":1,"created_at":"2026-04-07 19:30:53"},{"id":33,"user_id":13,"product_id":17,"quantity":1,"created_at":"2026-04-07 19:30:57"},{"id":35,"user_id":13,"product_id":13,"quantity":1,"created_at":"2026-04-07 19:31:01"},{"id":36,"user_id":13,"product_id":14,"quantity":1,"created_at":"2026-04-07 19:31:02"}]
[2026-04-18 13:40:21] Cart items found: 6
[2026-04-18 13:40:21] Cart items data: [{"quantity":2,"price":"140.00","product_id":1},{"quantity":1,"price":"140.00","product_id":3},{"quantity":1,"price":"100.00","product_id":4},{"quantity":1,"price":"60.00","product_id":17},{"quantity":1,"price":"80.00","product_id":13},{"quantity":1,"price":"80.00","product_id":14}]
[2026-04-18 13:40:21] Transaction started
[2026-04-18 13:40:21] CAUGHT EXCEPTION: Unknown column 'user_id' in 'field list'
[2026-04-18 13:40:21] DB last error: 
[2026-04-18 13:42:04] === WEBHOOK HIT ===
[2026-04-18 13:42:04] Raw payload: {"data":{"id":"evt_ziiwv8fvvhViXDMMZKSTLg47","type":"event","attributes":{"type":"checkout_session.payment.paid","livemode":false,"data":{"id":"cs_c55b108bc9ff9b929e481758","type":"checkout_session","attributes":{"billing":{"address":{"city":null,"country":null,"line1":null,"line2":null,"postal_code":null,"state":null},"email":null,"name":null,"phone":null},"billing_information_fields_editable":"enabled","cancel_url":"http://localhost/WST/Main/CART.html","checkout_url":"https://checkout.paymongo.com/cs_c55b108bc9ff9b929e481758_client_cbef612aaac26c5f96801df6#cGtfdGVzdF8zR3VmYkxEckdkNllFbW45V1lZM2tjTTY=","client_key":"cs_c55b108bc9ff9b929e481758_client_cbef612aaac26c5f96801df6","customer_email":null,"customer_id":null,"description":"KapeBara Order","line_items":[{"amount":14000,"currency":"PHP","description":null,"images":[],"name":"Caramel Macchiato","quantity":2},{"amount":14000,"currency":"PHP","description":null,"images":[],"name":"Taro Frappe","quantity":1},{"amount":10000,"currency":"PHP","description":null,"images":[],"name":"Americano","quantity":1},{"amount":6000,"currency":"PHP","description":null,"images":[],"name":"Banana Bread","quantity":1},{"amount":8000,"currency":"PHP","description":null,"images":[],"name":"Ranch Fries","quantity":1},{"amount":8000,"currency":"PHP","description":null,"images":[],"name":"Hot Fries","quantity":1},{"amount":10000,"currency":"PHP","description":null,"images":[],"name":"Shipping Fee","quantity":1}],"livemode":false,"merchant":"JOHN SAMUEL GALANG DIZON","paid_at":1776511985,"payments":[{"id":"pay_EuqZAi77cJmK5GY6Kp1hBBRA","type":"payment","attributes":{"access_url":null,"amount":84000,"balance_transaction_id":"bal_txn_SToeZVTB78CqQNS5kKhamyff","billing":{"address":{"city":null,"country":null,"line1":null,"line2":null,"postal_code":null,"state":null},"email":"samgreen22diz@gmail.com","name":"John Samuel Dizon","phone":"09092034621"},"currency":"PHP","description":"KapeBara Order","digital_withholding_vat_amount":0,"disputed":false,"external_reference_number":null,"fee":2100,"instant_settlement":null,"livemode":false,"net_amount":81900,"origin":"api","payment_intent_id":"pi_YsBK3r5ppK2uPJs7ShhYgNNx","payout":null,"source":{"id":"src_GepE5scYX7HNAPWrZmgbo8UH","type":"gcash","provider":{"id":null},"provider_id":null},"statement_descriptor":"JOHN SAMUEL GALANG DIZON","status":"paid","tax_amount":null,"metadata":null,"promotion":null,"refunds":[],"taxes":[],"available_at":1776848400,"created_at":1776511986,"credited_at":1776906000,"paid_at":1776511985,"updated_at":1776511986}}],"payment_intent":{"id":"pi_YsBK3r5ppK2uPJs7ShhYgNNx","type":"payment_intent","attributes":{"amount":84000,"capture_type":"automatic","client_key":"pi_YsBK3r5ppK2uPJs7ShhYgNNx_client_MKxQaS1HUQT82nngF5KxWYpX","currency":"PHP","description":"KapeBara Order","livemode":false,"original_amount":84000,"statement_descriptor":"JOHN SAMUEL GALANG DIZON","status":"succeeded","last_payment_error":null,"payment_method_allowed":["paymaya","card","gcash","dob"],"payments":[{"id":"pay_EuqZAi77cJmK5GY6Kp1hBBRA","type":"payment","attributes":{"access_url":null,"amount":84000,"balance_transaction_id":"bal_txn_SToeZVTB78CqQNS5kKhamyff","billing":{"address":{"city":null,"country":null,"line1":null,"line2":null,"postal_code":null,"state":null},"email":"samgreen22diz@gmail.com","name":"John Samuel Dizon","phone":"09092034621"},"currency":"PHP","description":"KapeBara Order","digital_withholding_vat_amount":0,"disputed":false,"external_reference_number":null,"fee":2100,"instant_settlement":null,"livemode":false,"net_amount":81900,"origin":"api","payment_intent_id":"pi_YsBK3r5ppK2uPJs7ShhYgNNx","payout":null,"source":{"id":"src_GepE5scYX7HNAPWrZmgbo8UH","type":"gcash","provider":{"id":null},"provider_id":null},"statement_descriptor":"JOHN SAMUEL GALANG DIZON","status":"paid","tax_amount":null,"metadata":null,"promotion":null,"refunds":[],"taxes":[],"available_at":1776848400,"created_at":1776511986,"credited_at":1776906000,"paid_at":1776511985,"updated_at":1776511986}}],"next_action":null,"payment_method_options":{"card":{"request_three_d_secure":"any"}},"metadata":null,"setup_future_usage":null,"created_at":1776511977,"updated_at":1776511986}},"payment_method_types":[],"payment_method_used":"gcash","reference_number":null,"send_email_receipt":false,"show_description":true,"show_line_items":true,"status":"active","success_url":"http://localhost/WST/Main/success.html","created_at":1776511977,"updated_at":1776511983,"metadata":null}},"previous_data":{},"pending_webhooks":1,"created_at":1776511987,"updated_at":1776511987}}}
[2026-04-18 13:42:04] DB connected successfully
[2026-04-18 13:42:04] Event type: checkout_session.payment.paid
[2026-04-18 13:42:04] Session ID: cs_c55b108bc9ff9b929e481758
[2026-04-18 13:42:04] Pending order found: YES
[2026-04-18 13:42:04] User ID: 13 | Order total: 840.00
[2026-04-18 13:42:04] Raw cart rows for user 13: [{"id":30,"user_id":13,"product_id":1,"quantity":2,"created_at":"2026-04-07 19:30:49"},{"id":31,"user_id":13,"product_id":3,"quantity":1,"created_at":"2026-04-07 19:30:51"},{"id":32,"user_id":13,"product_id":4,"quantity":1,"created_at":"2026-04-07 19:30:53"},{"id":33,"user_id":13,"product_id":17,"quantity":1,"created_at":"2026-04-07 19:30:57"},{"id":35,"user_id":13,"product_id":13,"quantity":1,"created_at":"2026-04-07 19:31:01"},{"id":36,"user_id":13,"product_id":14,"quantity":1,"created_at":"2026-04-07 19:31:02"}]
[2026-04-18 13:42:04] Cart items found: 6
[2026-04-18 13:42:04] Cart items data: [{"quantity":2,"price":"140.00","product_id":1},{"quantity":1,"price":"140.00","product_id":3},{"quantity":1,"price":"100.00","product_id":4},{"quantity":1,"price":"60.00","product_id":17},{"quantity":1,"price":"80.00","product_id":13},{"quantity":1,"price":"80.00","product_id":14}]
[2026-04-18 13:42:04] Transaction started
[2026-04-18 13:42:04] Inserting — product_id: 1 | qty: 2 | total: 296.67
[2026-04-18 13:42:04] Inserted successfully for product_id: 1
[2026-04-18 13:42:04] Stock deducted for product_id: 1 | qty deducted: 2
[2026-04-18 13:42:04] Inserting — product_id: 3 | qty: 1 | total: 156.67
[2026-04-18 13:42:04] Inserted successfully for product_id: 3
[2026-04-18 13:42:04] Stock deducted for product_id: 3 | qty deducted: 1
[2026-04-18 13:42:04] Inserting — product_id: 4 | qty: 1 | total: 116.67
[2026-04-18 13:42:04] Inserted successfully for product_id: 4
[2026-04-18 13:42:04] Stock deducted for product_id: 4 | qty deducted: 1
[2026-04-18 13:42:04] Inserting — product_id: 17 | qty: 1 | total: 76.67
[2026-04-18 13:42:04] Inserted successfully for product_id: 17
[2026-04-18 13:42:04] Stock deducted for product_id: 17 | qty deducted: 1
[2026-04-18 13:42:04] Inserting — product_id: 13 | qty: 1 | total: 96.67
[2026-04-18 13:42:04] Inserted successfully for product_id: 13
[2026-04-18 13:42:04] Stock deducted for product_id: 13 | qty deducted: 1
[2026-04-18 13:42:04] Inserting — product_id: 14 | qty: 1 | total: 96.67
[2026-04-18 13:42:04] Inserted successfully for product_id: 14
[2026-04-18 13:42:04] Stock deducted for product_id: 14 | qty deducted: 1
[2026-04-18 13:42:04] Cart cleared for user_id: 13
[2026-04-18 13:42:04] Marked as paid for session_id: cs_c55b108bc9ff9b929e481758
[2026-04-18 13:42:05] === TRANSACTION COMMITTED SUCCESSFULLY ===
[2026-04-18 13:42:05] === WEBHOOK COMPLETE ===
[2026-04-18 13:42:32] === WEBHOOK HIT ===
[2026-04-18 13:42:32] Raw payload: {"data":{"id":"evt_HsXHNopjVrs8X55WPGc7w5xS","type":"event","attributes":{"type":"checkout_session.payment.paid","livemode":false,"data":{"id":"cs_5a1b7bbdcdb334cb7fc38d8b","type":"checkout_session","attributes":{"billing":{"address":{"city":null,"country":null,"line1":null,"line2":null,"postal_code":null,"state":null},"email":null,"name":null,"phone":null},"billing_information_fields_editable":"enabled","cancel_url":"http://localhost/WST/Main/CART.html","checkout_url":"https://checkout.paymongo.com/cs_5a1b7bbdcdb334cb7fc38d8b_client_91647924cebe86d3913b105a#cGtfdGVzdF8zR3VmYkxEckdkNllFbW45V1lZM2tjTTY=","client_key":"cs_5a1b7bbdcdb334cb7fc38d8b_client_91647924cebe86d3913b105a","customer_email":null,"customer_id":null,"description":"KapeBara Order","line_items":[{"amount":14000,"currency":"PHP","description":null,"images":[],"name":"Caramel Macchiato","quantity":2},{"amount":14000,"currency":"PHP","description":null,"images":[],"name":"Taro Frappe","quantity":1},{"amount":10000,"currency":"PHP","description":null,"images":[],"name":"Americano","quantity":1},{"amount":6000,"currency":"PHP","description":null,"images":[],"name":"Banana Bread","quantity":1},{"amount":8000,"currency":"PHP","description":null,"images":[],"name":"Ranch Fries","quantity":1},{"amount":8000,"currency":"PHP","description":null,"images":[],"name":"Hot Fries","quantity":1},{"amount":10000,"currency":"PHP","description":null,"images":[],"name":"Shipping Fee","quantity":1}],"livemode":false,"merchant":"JOHN SAMUEL GALANG DIZON","paid_at":1776512257,"payments":[{"id":"pay_eehTtwLr4URQkEKx4Deposuc","type":"payment","attributes":{"access_url":null,"amount":84000,"balance_transaction_id":"bal_txn_DumBAdsMdttuTQks9gcCrd66","billing":{"address":{"city":null,"country":null,"line1":null,"line2":null,"postal_code":null,"state":null},"email":"samgreen22diz@gmail.com","name":"John Samuel Dizon","phone":"09092034621"},"currency":"PHP","description":"KapeBara Order","digital_withholding_vat_amount":0,"disputed":false,"external_reference_number":null,"fee":2100,"instant_settlement":null,"livemode":false,"net_amount":81900,"origin":"api","payment_intent_id":"pi_MzKE4euicewu6aW6HrWuLFjH","payout":null,"source":{"id":"src_zBHu3PgJ3xVQrh81ozbUDf1n","type":"gcash","provider":{"id":null},"provider_id":null},"statement_descriptor":"JOHN SAMUEL GALANG DIZON","status":"paid","tax_amount":null,"metadata":null,"promotion":null,"refunds":[],"taxes":[],"available_at":1776848400,"created_at":1776512258,"credited_at":1776906000,"paid_at":1776512257,"updated_at":1776512258}}],"payment_intent":{"id":"pi_MzKE4euicewu6aW6HrWuLFjH","type":"payment_intent","attributes":{"amount":84000,"capture_type":"automatic","client_key":"pi_MzKE4euicewu6aW6HrWuLFjH_client_WPuDPcV8jbxXposL1nnEkQr8","currency":"PHP","description":"KapeBara Order","livemode":false,"original_amount":84000,"statement_descriptor":"JOHN SAMUEL GALANG DIZON","status":"succeeded","last_payment_error":null,"payment_method_allowed":["card","paymaya","gcash","dob"],"payments":[{"id":"pay_eehTtwLr4URQkEKx4Deposuc","type":"payment","attributes":{"access_url":null,"amount":84000,"balance_transaction_id":"bal_txn_DumBAdsMdttuTQks9gcCrd66","billing":{"address":{"city":null,"country":null,"line1":null,"line2":null,"postal_code":null,"state":null},"email":"samgreen22diz@gmail.com","name":"John Samuel Dizon","phone":"09092034621"},"currency":"PHP","description":"KapeBara Order","digital_withholding_vat_amount":0,"disputed":false,"external_reference_number":null,"fee":2100,"instant_settlement":null,"livemode":false,"net_amount":81900,"origin":"api","payment_intent_id":"pi_MzKE4euicewu6aW6HrWuLFjH","payout":null,"source":{"id":"src_zBHu3PgJ3xVQrh81ozbUDf1n","type":"gcash","provider":{"id":null},"provider_id":null},"statement_descriptor":"JOHN SAMUEL GALANG DIZON","status":"paid","tax_amount":null,"metadata":null,"promotion":null,"refunds":[],"taxes":[],"available_at":1776848400,"created_at":1776512258,"credited_at":1776906000,"paid_at":1776512257,"updated_at":1776512258}}],"next_action":null,"payment_method_options":{"card":{"request_three_d_secure":"any"}},"metadata":null,"setup_future_usage":null,"created_at":1776512111,"updated_at":1776512258}},"payment_method_types":[],"payment_method_used":"gcash","reference_number":null,"send_email_receipt":false,"show_description":true,"show_line_items":true,"status":"active","success_url":"http://localhost/WST/Main/success.html","created_at":1776512111,"updated_at":1776512255,"metadata":null}},"previous_data":{},"pending_webhooks":1,"created_at":1776512259,"updated_at":1776512259}}}
[2026-04-18 13:42:32] DB connected successfully
[2026-04-18 13:42:32] Event type: checkout_session.payment.paid
[2026-04-18 13:42:32] Session ID: cs_5a1b7bbdcdb334cb7fc38d8b
[2026-04-18 13:42:32] Pending order found: YES
[2026-04-18 13:42:32] User ID: 13 | Order total: 840.00
[2026-04-18 13:42:32] Raw cart rows for user 13: []
[2026-04-18 13:42:32] Cart items found: 0
[2026-04-18 13:42:32] Cart items data: []
[2026-04-18 13:42:32] WARNING: No cart items found for user_id: 13
[2026-04-18 13:43:41] === WEBHOOK HIT ===
[2026-04-18 13:43:41] Raw payload: {"data":{"id":"evt_NwdMKoEVw4AEdSVoWfzqyDQQ","type":"event","attributes":{"type":"checkout_session.payment.paid","livemode":false,"data":{"id":"cs_d93c85043444e3737d56c8d2","type":"checkout_session","attributes":{"billing":{"address":{"city":null,"country":null,"line1":null,"line2":null,"postal_code":null,"state":null},"email":null,"name":null,"phone":null},"billing_information_fields_editable":"enabled","cancel_url":"http://localhost/WST/Main/CART.html","checkout_url":"https://checkout.paymongo.com/cs_d93c85043444e3737d56c8d2_client_b886b41e39e5271ef469b94e#cGtfdGVzdF8zR3VmYkxEckdkNllFbW45V1lZM2tjTTY=","client_key":"cs_d93c85043444e3737d56c8d2_client_b886b41e39e5271ef469b94e","customer_email":null,"customer_id":null,"description":"KapeBara Order","line_items":[{"amount":14000,"currency":"PHP","description":null,"images":[],"name":"Matcha Latte","quantity":1},{"amount":10000,"currency":"PHP","description":null,"images":[],"name":"Shipping Fee","quantity":1}],"livemode":false,"merchant":"JOHN SAMUEL GALANG DIZON","paid_at":1776512621,"payments":[{"id":"pay_g8PwESzn9sF6hFSSJfr2gork","type":"payment","attributes":{"access_url":null,"amount":24000,"balance_transaction_id":"bal_txn_HUCva7P7uPtrbyMGMStz5sin","billing":{"address":{"city":null,"country":null,"line1":null,"line2":null,"postal_code":null,"state":null},"email":"samgreen22diz@gmail.com","name":"John Samuel Dizon","phone":"09092034621"},"currency":"PHP","description":"KapeBara Order","digital_withholding_vat_amount":0,"disputed":false,"external_reference_number":null,"fee":600,"instant_settlement":null,"livemode":false,"net_amount":23400,"origin":"api","payment_intent_id":"pi_rSHcNbDJ2vp2w72MMHwSpH7q","payout":null,"source":{"id":"src_xeKaJVZgAwU2HFhwxYckNKJ8","type":"gcash","provider":{"id":null},"provider_id":null},"statement_descriptor":"JOHN SAMUEL GALANG DIZON","status":"paid","tax_amount":null,"metadata":null,"promotion":null,"refunds":[],"taxes":[],"available_at":1776848400,"created_at":1776512621,"credited_at":1776906000,"paid_at":1776512621,"updated_at":1776512621}}],"payment_intent":{"id":"pi_rSHcNbDJ2vp2w72MMHwSpH7q","type":"payment_intent","attributes":{"amount":24000,"capture_type":"automatic","client_key":"pi_rSHcNbDJ2vp2w72MMHwSpH7q_client_jqkZPofCjoHcbYLyDxD6pdo3","currency":"PHP","description":"KapeBara Order","livemode":false,"original_amount":24000,"statement_descriptor":"JOHN SAMUEL GALANG DIZON","status":"succeeded","last_payment_error":null,"payment_method_allowed":["gcash","card","paymaya","dob"],"payments":[{"id":"pay_g8PwESzn9sF6hFSSJfr2gork","type":"payment","attributes":{"access_url":null,"amount":24000,"balance_transaction_id":"bal_txn_HUCva7P7uPtrbyMGMStz5sin","billing":{"address":{"city":null,"country":null,"line1":null,"line2":null,"postal_code":null,"state":null},"email":"samgreen22diz@gmail.com","name":"John Samuel Dizon","phone":"09092034621"},"currency":"PHP","description":"KapeBara Order","digital_withholding_vat_amount":0,"disputed":false,"external_reference_number":null,"fee":600,"instant_settlement":null,"livemode":false,"net_amount":23400,"origin":"api","payment_intent_id":"pi_rSHcNbDJ2vp2w72MMHwSpH7q","payout":null,"source":{"id":"src_xeKaJVZgAwU2HFhwxYckNKJ8","type":"gcash","provider":{"id":null},"provider_id":null},"statement_descriptor":"JOHN SAMUEL GALANG DIZON","status":"paid","tax_amount":null,"metadata":null,"promotion":null,"refunds":[],"taxes":[],"available_at":1776848400,"created_at":1776512621,"credited_at":1776906000,"paid_at":1776512621,"updated_at":1776512621}}],"next_action":null,"payment_method_options":{"card":{"request_three_d_secure":"any"}},"metadata":null,"setup_future_usage":null,"created_at":1776512614,"updated_at":1776512621}},"payment_method_types":[],"payment_method_used":"gcash","reference_number":null,"send_email_receipt":false,"show_description":true,"show_line_items":true,"status":"active","success_url":"http://localhost/WST/Main/success.html","created_at":1776512614,"updated_at":1776512619,"metadata":null}},"previous_data":{},"pending_webhooks":1,"created_at":1776512622,"updated_at":1776512622}}}
[2026-04-18 13:43:41] DB connected successfully
[2026-04-18 13:43:41] Event type: checkout_session.payment.paid
[2026-04-18 13:43:41] Session ID: cs_d93c85043444e3737d56c8d2
[2026-04-18 13:43:41] Pending order found: YES
[2026-04-18 13:43:41] User ID: 13 | Order total: 240.00
[2026-04-18 13:43:41] Raw cart rows for user 13: [{"id":37,"user_id":13,"product_id":2,"quantity":1,"created_at":"2026-04-18 19:43:29"}]
[2026-04-18 13:43:41] Cart items found: 1
[2026-04-18 13:43:41] Cart items data: [{"quantity":1,"price":"140.00","product_id":2}]
[2026-04-18 13:43:41] Transaction started
[2026-04-18 13:43:41] Inserting — product_id: 2 | qty: 1 | total: 240
[2026-04-18 13:43:41] Inserted successfully for product_id: 2
[2026-04-18 13:43:41] Stock deducted for product_id: 2 | qty deducted: 1
[2026-04-18 13:43:41] Cart cleared for user_id: 13
[2026-04-18 13:43:41] Marked as paid for session_id: cs_d93c85043444e3737d56c8d2
[2026-04-18 13:43:41] === TRANSACTION COMMITTED SUCCESSFULLY ===
[2026-04-18 13:43:41] === WEBHOOK COMPLETE ===
[2026-04-18 13:43:49] === WEBHOOK HIT ===
[2026-04-18 13:43:49] Raw payload: {"data":{"id":"evt_TyT7XrhXpTincqqAATJGC7oi","type":"event","attributes":{"type":"checkout_session.payment.paid","livemode":false,"data":{"id":"cs_6dfd903640d6f593579a8cff","type":"checkout_session","attributes":{"billing":{"address":{"city":null,"country":null,"line1":null,"line2":null,"postal_code":null,"state":null},"email":null,"name":null,"phone":null},"billing_information_fields_editable":"enabled","cancel_url":"http://localhost/WST/Main/CART.html","checkout_url":"https://checkout.paymongo.com/cs_6dfd903640d6f593579a8cff_client_58ae75c408e9536d05dd1de4#cGtfdGVzdF8zR3VmYkxEckdkNllFbW45V1lZM2tjTTY=","client_key":"cs_6dfd903640d6f593579a8cff_client_58ae75c408e9536d05dd1de4","customer_email":null,"customer_id":null,"description":"KapeBara Order","line_items":[{"amount":14000,"currency":"PHP","description":null,"images":[],"name":"Caramel Macchiato","quantity":2},{"amount":14000,"currency":"PHP","description":null,"images":[],"name":"Taro Frappe","quantity":1},{"amount":10000,"currency":"PHP","description":null,"images":[],"name":"Americano","quantity":1},{"amount":6000,"currency":"PHP","description":null,"images":[],"name":"Banana Bread","quantity":1},{"amount":8000,"currency":"PHP","description":null,"images":[],"name":"Ranch Fries","quantity":1},{"amount":8000,"currency":"PHP","description":null,"images":[],"name":"Hot Fries","quantity":1},{"amount":10000,"currency":"PHP","description":null,"images":[],"name":"Shipping Fee","quantity":1}],"livemode":false,"merchant":"JOHN SAMUEL GALANG DIZON","paid_at":1776512079,"payments":[{"id":"pay_3exeXDYz46xZx3tk6iNyXAnx","type":"payment","attributes":{"access_url":null,"amount":84000,"balance_transaction_id":"bal_txn_1aqBQueHr6dxBmmANZdVqqga","billing":{"address":{"city":null,"country":null,"line1":null,"line2":null,"postal_code":null,"state":null},"email":"samgreen22diz@gmail.com","name":"John Samuel Dizon","phone":"09092034621"},"currency":"PHP","description":"KapeBara Order","digital_withholding_vat_amount":0,"disputed":false,"external_reference_number":null,"fee":2100,"instant_settlement":null,"livemode":false,"net_amount":81900,"origin":"api","payment_intent_id":"pi_HtSXGe2SbGoRWfdzMdcT2Pu9","payout":null,"source":{"id":"src_eSUAAhTRFVta8wcNYYCkctRk","type":"gcash","provider":{"id":null},"provider_id":null},"statement_descriptor":"JOHN SAMUEL GALANG DIZON","status":"paid","tax_amount":null,"metadata":null,"promotion":null,"refunds":[],"taxes":[],"available_at":1776848400,"created_at":1776512079,"credited_at":1776906000,"paid_at":1776512079,"updated_at":1776512079}}],"payment_intent":{"id":"pi_HtSXGe2SbGoRWfdzMdcT2Pu9","type":"payment_intent","attributes":{"amount":84000,"capture_type":"automatic","client_key":"pi_HtSXGe2SbGoRWfdzMdcT2Pu9_client_KuNz9t1kyVyrjgKMpfQuxKhd","currency":"PHP","description":"KapeBara Order","livemode":false,"original_amount":84000,"statement_descriptor":"JOHN SAMUEL GALANG DIZON","status":"succeeded","last_payment_error":null,"payment_method_allowed":["dob","gcash","paymaya","card"],"payments":[{"id":"pay_3exeXDYz46xZx3tk6iNyXAnx","type":"payment","attributes":{"access_url":null,"amount":84000,"balance_transaction_id":"bal_txn_1aqBQueHr6dxBmmANZdVqqga","billing":{"address":{"city":null,"country":null,"line1":null,"line2":null,"postal_code":null,"state":null},"email":"samgreen22diz@gmail.com","name":"John Samuel Dizon","phone":"09092034621"},"currency":"PHP","description":"KapeBara Order","digital_withholding_vat_amount":0,"disputed":false,"external_reference_number":null,"fee":2100,"instant_settlement":null,"livemode":false,"net_amount":81900,"origin":"api","payment_intent_id":"pi_HtSXGe2SbGoRWfdzMdcT2Pu9","payout":null,"source":{"id":"src_eSUAAhTRFVta8wcNYYCkctRk","type":"gcash","provider":{"id":null},"provider_id":null},"statement_descriptor":"JOHN SAMUEL GALANG DIZON","status":"paid","tax_amount":null,"metadata":null,"promotion":null,"refunds":[],"taxes":[],"available_at":1776848400,"created_at":1776512079,"credited_at":1776906000,"paid_at":1776512079,"updated_at":1776512079}}],"next_action":null,"payment_method_options":{"card":{"request_three_d_secure":"any"}},"metadata":null,"setup_future_usage":null,"created_at":1776512073,"updated_at":1776512079}},"payment_method_types":[],"payment_method_used":"gcash","reference_number":null,"send_email_receipt":false,"show_description":true,"show_line_items":true,"status":"active","success_url":"http://localhost/WST/Main/success.html","created_at":1776512073,"updated_at":1776512077,"metadata":null}},"previous_data":{},"pending_webhooks":1,"created_at":1776512080,"updated_at":1776512080}}}
[2026-04-18 13:43:49] DB connected successfully
[2026-04-18 13:43:49] Event type: checkout_session.payment.paid
[2026-04-18 13:43:49] Session ID: cs_6dfd903640d6f593579a8cff
[2026-04-18 13:43:49] Pending order found: NO
[2026-04-18 13:43:49] WARNING: No pending order found for session_id: cs_6dfd903640d6f593579a8cff
[2026-04-18 13:43:49] === WEBHOOK COMPLETE ===
[2026-04-18 13:49:36] === WEBHOOK HIT ===
[2026-04-18 13:49:36] Raw payload: {"data":{"id":"evt_YN8FvpWBSf4fAwK8WGKtLoF5","type":"event","attributes":{"type":"checkout_session.payment.paid","livemode":false,"data":{"id":"cs_a23dd5b0887f2e8a67f9c9d7","type":"checkout_session","attributes":{"billing":{"address":{"city":null,"country":null,"line1":null,"line2":null,"postal_code":null,"state":null},"email":null,"name":null,"phone":null},"billing_information_fields_editable":"enabled","cancel_url":"http://localhost/WST/Main/CART.html","checkout_url":"https://checkout.paymongo.com/cs_a23dd5b0887f2e8a67f9c9d7_client_0795d6a637e191a10dc9b437#cGtfdGVzdF8zR3VmYkxEckdkNllFbW45V1lZM2tjTTY=","client_key":"cs_a23dd5b0887f2e8a67f9c9d7_client_0795d6a637e191a10dc9b437","customer_email":null,"customer_id":null,"description":"KapeBara Guest Order","line_items":[{"amount":10000,"currency":"PHP","description":null,"images":[],"name":"Kape Amerikano","quantity":1},{"amount":13000,"currency":"PHP","description":null,"images":[],"name":"Vanilla Latte","quantity":1},{"amount":10000,"currency":"PHP","description":null,"images":[],"name":"Shipping Fee","quantity":1}],"livemode":false,"merchant":"JOHN SAMUEL GALANG DIZON","paid_at":1776512976,"payments":[{"id":"pay_ay5A8suUGswkwqBurWnRccQd","type":"payment","attributes":{"access_url":null,"amount":33000,"balance_transaction_id":"bal_txn_HZMGNHzZjxf5afZznJXLxqZf","billing":{"address":{"city":null,"country":null,"line1":null,"line2":null,"postal_code":null,"state":null},"email":"samgreen22diz@gmail.com","name":"John Samuel Dizon","phone":"09092034621"},"currency":"PHP","description":"KapeBara Guest Order","digital_withholding_vat_amount":0,"disputed":false,"external_reference_number":null,"fee":825,"instant_settlement":null,"livemode":false,"net_amount":32175,"origin":"api","payment_intent_id":"pi_W58DVquTVDPdtZ8gTNSX58Fr","payout":null,"source":{"id":"src_zWZjfT9tSMTvRseC1NijXZe2","type":"gcash","provider":{"id":null},"provider_id":null},"statement_descriptor":"JOHN SAMUEL GALANG DIZON","status":"paid","tax_amount":null,"metadata":null,"promotion":null,"refunds":[],"taxes":[],"available_at":1776848400,"created_at":1776512976,"credited_at":1776906000,"paid_at":1776512976,"updated_at":1776512976}}],"payment_intent":{"id":"pi_W58DVquTVDPdtZ8gTNSX58Fr","type":"payment_intent","attributes":{"amount":33000,"capture_type":"automatic","client_key":"pi_W58DVquTVDPdtZ8gTNSX58Fr_client_ZSj7XaTLD8trPi37C1zGpRyT","currency":"PHP","description":"KapeBara Guest Order","livemode":false,"original_amount":33000,"statement_descriptor":"JOHN SAMUEL GALANG DIZON","status":"succeeded","last_payment_error":null,"payment_method_allowed":["gcash","paymaya","card","dob"],"payments":[{"id":"pay_ay5A8suUGswkwqBurWnRccQd","type":"payment","attributes":{"access_url":null,"amount":33000,"balance_transaction_id":"bal_txn_HZMGNHzZjxf5afZznJXLxqZf","billing":{"address":{"city":null,"country":null,"line1":null,"line2":null,"postal_code":null,"state":null},"email":"samgreen22diz@gmail.com","name":"John Samuel Dizon","phone":"09092034621"},"currency":"PHP","description":"KapeBara Guest Order","digital_withholding_vat_amount":0,"disputed":false,"external_reference_number":null,"fee":825,"instant_settlement":null,"livemode":false,"net_amount":32175,"origin":"api","payment_intent_id":"pi_W58DVquTVDPdtZ8gTNSX58Fr","payout":null,"source":{"id":"src_zWZjfT9tSMTvRseC1NijXZe2","type":"gcash","provider":{"id":null},"provider_id":null},"statement_descriptor":"JOHN SAMUEL GALANG DIZON","status":"paid","tax_amount":null,"metadata":null,"promotion":null,"refunds":[],"taxes":[],"available_at":1776848400,"created_at":1776512976,"credited_at":1776906000,"paid_at":1776512976,"updated_at":1776512976}}],"next_action":null,"payment_method_options":{"card":{"request_three_d_secure":"any"}},"metadata":null,"setup_future_usage":null,"created_at":1776512943,"updated_at":1776512976}},"payment_method_types":[],"payment_method_used":"gcash","reference_number":null,"send_email_receipt":false,"show_description":true,"show_line_items":true,"status":"active","success_url":"http://localhost/WST/Main/success.html","created_at":1776512943,"updated_at":1776512951,"metadata":null}},"previous_data":{},"pending_webhooks":1,"created_at":1776512977,"updated_at":1776512977}}}
[2026-04-18 13:49:36] DB connected successfully
[2026-04-18 13:49:36] Event type: checkout_session.payment.paid
[2026-04-18 13:49:36] Session ID: cs_a23dd5b0887f2e8a67f9c9d7
[2026-04-18 13:49:36] Pending order found: YES
[2026-04-18 13:49:36] User ID:  | Order total: 330.00
[2026-04-18 13:49:36] INSERTED SUCCESSFULLY
[2026-04-18 13:49:36] INSERTED SUCCESSFULLY
[2026-04-18 13:49:36] Guest order committed for session: cs_a23dd5b0887f2e8a67f9c9d7
[2026-04-18 13:49:36] === WEBHOOK COMPLETE ===
[2026-04-19 09:58:05] === WEBHOOK HIT ===
[2026-04-19 09:58:05] Raw payload: {"data":{"id":"evt_rZhHuGB19iryDCCriJ2451b8","type":"event","attributes":{"type":"checkout_session.payment.paid","livemode":false,"data":{"id":"cs_26bbd85e95ccc83ab3cfd6c4","type":"checkout_session","attributes":{"billing":{"address":{"city":null,"country":null,"line1":null,"line2":null,"postal_code":null,"state":null},"email":null,"name":null,"phone":null},"billing_information_fields_editable":"enabled","cancel_url":"http://localhost/WST/Main/CART.html","checkout_url":"https://checkout.paymongo.com/cs_26bbd85e95ccc83ab3cfd6c4_client_bc5bb3f0915b93648002df3d#cGtfdGVzdF8zR3VmYkxEckdkNllFbW45V1lZM2tjTTY=","client_key":"cs_26bbd85e95ccc83ab3cfd6c4_client_bc5bb3f0915b93648002df3d","customer_email":null,"customer_id":null,"description":"KapeBara Order","line_items":[{"amount":14000,"currency":"PHP","description":null,"images":[],"name":"Taro Frappe","quantity":1},{"amount":10000,"currency":"PHP","description":null,"images":[],"name":"Shipping Fee","quantity":1}],"livemode":false,"merchant":"JOHN SAMUEL GALANG DIZON","paid_at":1776585485,"payments":[{"id":"pay_u8QiwATySDCTPYBDg7ujbQot","type":"payment","attributes":{"access_url":null,"amount":24000,"balance_transaction_id":"bal_txn_o6yCavMsJphK2bNo1rQvSFMg","billing":{"address":{"city":null,"country":null,"line1":null,"line2":null,"postal_code":null,"state":null},"email":"samgreen22diz@gmail.com","name":"John Samuel Dizon","phone":"09092034621"},"currency":"PHP","description":"KapeBara Order","digital_withholding_vat_amount":0,"disputed":false,"external_reference_number":null,"fee":600,"instant_settlement":null,"livemode":false,"net_amount":23400,"origin":"api","payment_intent_id":"pi_KGWfrYz3dP1GywgXggFuYmae","payout":null,"source":{"id":"src_qWPncyRy2LVc5EjHCYVXWkJU","type":"gcash","provider":{"id":null},"provider_id":null},"statement_descriptor":"JOHN SAMUEL GALANG DIZON","status":"paid","tax_amount":null,"metadata":null,"promotion":null,"refunds":[],"taxes":[],"available_at":1776848400,"created_at":1776585485,"credited_at":1776906000,"paid_at":1776585485,"updated_at":1776585485}}],"payment_intent":{"id":"pi_KGWfrYz3dP1GywgXggFuYmae","type":"payment_intent","attributes":{"amount":24000,"capture_type":"automatic","client_key":"pi_KGWfrYz3dP1GywgXggFuYmae_client_AVC3dqv1MeGyZD2GeGC489wB","currency":"PHP","description":"KapeBara Order","livemode":false,"original_amount":24000,"statement_descriptor":"JOHN SAMUEL GALANG DIZON","status":"succeeded","last_payment_error":null,"payment_method_allowed":["paymaya","card","dob","gcash"],"payments":[{"id":"pay_u8QiwATySDCTPYBDg7ujbQot","type":"payment","attributes":{"access_url":null,"amount":24000,"balance_transaction_id":"bal_txn_o6yCavMsJphK2bNo1rQvSFMg","billing":{"address":{"city":null,"country":null,"line1":null,"line2":null,"postal_code":null,"state":null},"email":"samgreen22diz@gmail.com","name":"John Samuel Dizon","phone":"09092034621"},"currency":"PHP","description":"KapeBara Order","digital_withholding_vat_amount":0,"disputed":false,"external_reference_number":null,"fee":600,"instant_settlement":null,"livemode":false,"net_amount":23400,"origin":"api","payment_intent_id":"pi_KGWfrYz3dP1GywgXggFuYmae","payout":null,"source":{"id":"src_qWPncyRy2LVc5EjHCYVXWkJU","type":"gcash","provider":{"id":null},"provider_id":null},"statement_descriptor":"JOHN SAMUEL GALANG DIZON","status":"paid","tax_amount":null,"metadata":null,"promotion":null,"refunds":[],"taxes":[],"available_at":1776848400,"created_at":1776585485,"credited_at":1776906000,"paid_at":1776585485,"updated_at":1776585485}}],"next_action":null,"payment_method_options":{"card":{"request_three_d_secure":"any"}},"metadata":null,"setup_future_usage":null,"created_at":1776585476,"updated_at":1776585485}},"payment_method_types":[],"payment_method_used":"gcash","reference_number":null,"send_email_receipt":false,"show_description":true,"show_line_items":true,"status":"active","success_url":"http://localhost/WST/Main/success.html","created_at":1776585476,"updated_at":1776585482,"metadata":null}},"previous_data":{},"pending_webhooks":1,"created_at":1776585487,"updated_at":1776585487}}}
[2026-04-19 09:58:05] DB connected successfully
[2026-04-19 09:58:05] Event type: checkout_session.payment.paid
[2026-04-19 09:58:05] Session ID: cs_26bbd85e95ccc83ab3cfd6c4
[2026-04-19 09:58:05] Pending order found: YES
[2026-04-19 09:58:05] User ID: 13 | Order total: 240.00
[2026-04-19 09:58:05] Raw cart rows for user 13: [{"id":39,"user_id":13,"product_id":3,"quantity":1,"created_at":"2026-04-18 23:58:23"}]
[2026-04-19 09:58:05] Cart items found: 1
[2026-04-19 09:58:05] Cart items data: [{"quantity":1,"price":"140.00","product_id":3}]
[2026-04-19 09:58:05] Transaction started
[2026-04-19 09:58:05] Inserting — product_id: 3 | qty: 1 | total: 240
[2026-04-19 09:58:05] Inserted successfully for product_id: 3
[2026-04-19 09:58:05] Stock deducted for product_id: 3 | qty deducted: 1
[2026-04-19 09:58:05] Cart cleared for user_id: 13
[2026-04-19 09:58:05] Marked as paid for session_id: cs_26bbd85e95ccc83ab3cfd6c4
[2026-04-19 09:58:05] === TRANSACTION COMMITTED SUCCESSFULLY ===
[2026-04-19 09:58:05] === WEBHOOK COMPLETE ===
[2026-04-20 11:59:00] === WEBHOOK HIT ===
[2026-04-20 11:59:00] Raw payload: {"data":{"id":"evt_Wp9Ys7z6nKzd9izNWfKBeGVe","type":"event","attributes":{"type":"checkout_session.payment.paid","livemode":false,"data":{"id":"cs_f04ec2b51d3a08eaf97e26df","type":"checkout_session","attributes":{"billing":{"address":{"city":null,"country":null,"line1":null,"line2":null,"postal_code":null,"state":null},"email":null,"name":null,"phone":null},"billing_information_fields_editable":"enabled","cancel_url":"http://localhost/WST/Main/CART.html","checkout_url":"https://checkout.paymongo.com/cs_f04ec2b51d3a08eaf97e26df_client_5ebc8f9e0e251be6914962ea#cGtfdGVzdF8zR3VmYkxEckdkNllFbW45V1lZM2tjTTY=","client_key":"cs_f04ec2b51d3a08eaf97e26df_client_5ebc8f9e0e251be6914962ea","customer_email":null,"customer_id":null,"description":"KapeBara Order","line_items":[{"amount":14000,"currency":"PHP","description":null,"images":[],"name":"Matcha Latte","quantity":1},{"amount":14000,"currency":"PHP","description":null,"images":[],"name":"Taro Frappe","quantity":1},{"amount":10000,"currency":"PHP","description":null,"images":[],"name":"Americano","quantity":1},{"amount":13000,"currency":"PHP","description":null,"images":[],"name":"Mocha","quantity":1},{"amount":14000,"currency":"PHP","description":null,"images":[],"name":"Halo-Halo","quantity":1},{"amount":13000,"currency":"PHP","description":null,"images":[],"name":"Vanilla Latte","quantity":1},{"amount":14000,"currency":"PHP","description":null,"images":[],"name":"Dark Choco","quantity":1},{"amount":14000,"currency":"PHP","description":null,"images":[],"name":"Spanish Latte","quantity":1},{"amount":10000,"currency":"PHP","description":null,"images":[],"name":"Shipping Fee","quantity":1}],"livemode":false,"merchant":"JOHN SAMUEL GALANG DIZON","paid_at":1776679140,"payments":[{"id":"pay_VSjMKRbDxrY1gsZKNh3rsiLo","type":"payment","attributes":{"access_url":null,"amount":116000,"balance_transaction_id":"bal_txn_uPTAJ3qvfyaiN5sQg7SLfhLp","billing":{"address":{"city":null,"country":null,"line1":null,"line2":null,"postal_code":null,"state":null},"email":"johnsamueldizon222@gmail.com","name":"John Samuel Galang Dizon","phone":"09302463113"},"currency":"PHP","description":"KapeBara Order","digital_withholding_vat_amount":0,"disputed":false,"external_reference_number":null,"fee":2900,"instant_settlement":null,"livemode":false,"net_amount":113100,"origin":"api","payment_intent_id":"pi_KYm6YLbjiqZ84kQY5jvZpwb8","payout":null,"source":{"id":"src_ETkk5d7tBgfnd1ucMD9f3LAE","type":"gcash","provider":{"id":null},"provider_id":null},"statement_descriptor":"JOHN SAMUEL GALANG DIZON","status":"paid","tax_amount":null,"metadata":null,"promotion":null,"refunds":[],"taxes":[],"available_at":1776934800,"created_at":1776679140,"credited_at":1777510800,"paid_at":1776679140,"updated_at":1776679141}}],"payment_intent":{"id":"pi_KYm6YLbjiqZ84kQY5jvZpwb8","type":"payment_intent","attributes":{"amount":116000,"capture_type":"automatic","client_key":"pi_KYm6YLbjiqZ84kQY5jvZpwb8_client_6qQ12ZaTSQffHfQPE8VSezmx","currency":"PHP","description":"KapeBara Order","livemode":false,"original_amount":116000,"statement_descriptor":"JOHN SAMUEL GALANG DIZON","status":"succeeded","last_payment_error":null,"payment_method_allowed":["card","paymaya","gcash","dob"],"payments":[{"id":"pay_VSjMKRbDxrY1gsZKNh3rsiLo","type":"payment","attributes":{"access_url":null,"amount":116000,"balance_transaction_id":"bal_txn_uPTAJ3qvfyaiN5sQg7SLfhLp","billing":{"address":{"city":null,"country":null,"line1":null,"line2":null,"postal_code":null,"state":null},"email":"johnsamueldizon222@gmail.com","name":"John Samuel Galang Dizon","phone":"09302463113"},"currency":"PHP","description":"KapeBara Order","digital_withholding_vat_amount":0,"disputed":false,"external_reference_number":null,"fee":2900,"instant_settlement":null,"livemode":false,"net_amount":113100,"origin":"api","payment_intent_id":"pi_KYm6YLbjiqZ84kQY5jvZpwb8","payout":null,"source":{"id":"src_ETkk5d7tBgfnd1ucMD9f3LAE","type":"gcash","provider":{"id":null},"provider_id":null},"statement_descriptor":"JOHN SAMUEL GALANG DIZON","status":"paid","tax_amount":null,"metadata":null,"promotion":null,"refunds":[],"taxes":[],"available_at":1776934800,"created_at":1776679140,"credited_at":1777510800,"paid_at":1776679140,"updated_at":1776679141}}],"next_action":null,"payment_method_options":{"card":{"request_three_d_secure":"any"}},"metadata":null,"setup_future_usage":null,"created_at":1776679131,"updated_at":1776679141}},"payment_method_types":[],"payment_method_used":"gcash","reference_number":null,"send_email_receipt":false,"show_description":true,"show_line_items":true,"status":"active","success_url":"http://localhost/WST/Main/success.html","created_at":1776679131,"updated_at":1776679138,"metadata":null}},"previous_data":{},"pending_webhooks":1,"created_at":1776679142,"updated_at":1776679142}}}
[2026-04-20 11:59:00] DB connected successfully
[2026-04-20 11:59:00] Event type: checkout_session.payment.paid
[2026-04-20 11:59:00] Session ID: cs_f04ec2b51d3a08eaf97e26df
[2026-04-20 11:59:00] Pending order found: YES
[2026-04-20 11:59:00] User ID: 13 | Order total: 1160.00
[2026-04-20 11:59:00] Raw cart rows for user 13: [{"id":41,"user_id":13,"product_id":2,"quantity":1,"created_at":"2026-04-20 17:58:27"},{"id":42,"user_id":13,"product_id":3,"quantity":1,"created_at":"2026-04-20 17:58:28"},{"id":43,"user_id":13,"product_id":4,"quantity":1,"created_at":"2026-04-20 17:58:28"},{"id":44,"user_id":13,"product_id":5,"quantity":1,"created_at":"2026-04-20 17:58:29"},{"id":45,"user_id":13,"product_id":10,"quantity":1,"created_at":"2026-04-20 17:58:31"},{"id":46,"user_id":13,"product_id":9,"quantity":1,"created_at":"2026-04-20 17:58:32"},{"id":47,"user_id":13,"product_id":8,"quantity":1,"created_at":"2026-04-20 17:58:33"},{"id":48,"user_id":13,"product_id":7,"quantity":1,"created_at":"2026-04-20 17:58:35"}]
[2026-04-20 11:59:00] Cart items found: 8
[2026-04-20 11:59:00] Cart items data: [{"quantity":1,"price":"140.00","product_id":2},{"quantity":1,"price":"140.00","product_id":3},{"quantity":1,"price":"100.00","product_id":4},{"quantity":1,"price":"130.00","product_id":5},{"quantity":1,"price":"140.00","product_id":10},{"quantity":1,"price":"130.00","product_id":9},{"quantity":1,"price":"140.00","product_id":8},{"quantity":1,"price":"140.00","product_id":7}]
[2026-04-20 11:59:00] Transaction started
[2026-04-20 11:59:00] Inserting — product_id: 2 | qty: 1 | total: 152.5
[2026-04-20 11:59:00] Inserted successfully for product_id: 2
[2026-04-20 11:59:00] Stock deducted for product_id: 2 | qty deducted: 1
[2026-04-20 11:59:00] Inserting — product_id: 3 | qty: 1 | total: 152.5
[2026-04-20 11:59:00] Inserted successfully for product_id: 3
[2026-04-20 11:59:00] Stock deducted for product_id: 3 | qty deducted: 1
[2026-04-20 11:59:00] Inserting — product_id: 4 | qty: 1 | total: 112.5
[2026-04-20 11:59:00] Inserted successfully for product_id: 4
[2026-04-20 11:59:00] Stock deducted for product_id: 4 | qty deducted: 1
[2026-04-20 11:59:00] Inserting — product_id: 5 | qty: 1 | total: 142.5
[2026-04-20 11:59:00] Inserted successfully for product_id: 5
[2026-04-20 11:59:00] Stock deducted for product_id: 5 | qty deducted: 1
[2026-04-20 11:59:00] Inserting — product_id: 10 | qty: 1 | total: 152.5
[2026-04-20 11:59:00] Inserted successfully for product_id: 10
[2026-04-20 11:59:00] Stock deducted for product_id: 10 | qty deducted: 1
[2026-04-20 11:59:00] Inserting — product_id: 9 | qty: 1 | total: 142.5
[2026-04-20 11:59:00] Inserted successfully for product_id: 9
[2026-04-20 11:59:00] Stock deducted for product_id: 9 | qty deducted: 1
[2026-04-20 11:59:00] Inserting — product_id: 8 | qty: 1 | total: 152.5
[2026-04-20 11:59:00] Inserted successfully for product_id: 8
[2026-04-20 11:59:00] Stock deducted for product_id: 8 | qty deducted: 1
[2026-04-20 11:59:00] Inserting — product_id: 7 | qty: 1 | total: 152.5
[2026-04-20 11:59:00] Inserted successfully for product_id: 7
[2026-04-20 11:59:00] Stock deducted for product_id: 7 | qty deducted: 1
[2026-04-20 11:59:00] Cart cleared for user_id: 13
[2026-04-20 11:59:00] Marked as paid for session_id: cs_f04ec2b51d3a08eaf97e26df
[2026-04-20 11:59:00] === TRANSACTION COMMITTED SUCCESSFULLY ===
[2026-04-20 11:59:00] === WEBHOOK COMPLETE ===
[2026-04-20 13:05:29] === WEBHOOK HIT ===
[2026-04-20 13:05:29] Raw payload: {"data":{"id":"evt_TQCEni9kaeYtAYu7cvzrVBTv","type":"event","attributes":{"type":"checkout_session.payment.paid","livemode":false,"data":{"id":"cs_6c22dafbfc2f27c1a4b97024","type":"checkout_session","attributes":{"billing":{"address":{"city":null,"country":null,"line1":null,"line2":null,"postal_code":null,"state":null},"email":null,"name":null,"phone":null},"billing_information_fields_editable":"enabled","cancel_url":"http://localhost/WST/Main/CART.html","checkout_url":"https://checkout.paymongo.com/cs_6c22dafbfc2f27c1a4b97024_client_7386ffb4fb518f7b699f29d2#cGtfdGVzdF8zR3VmYkxEckdkNllFbW45V1lZM2tjTTY=","client_key":"cs_6c22dafbfc2f27c1a4b97024_client_7386ffb4fb518f7b699f29d2","customer_email":null,"customer_id":null,"description":"KapeBara Order","line_items":[{"amount":14000,"currency":"PHP","description":null,"images":[],"name":"Taro Frappe","quantity":1},{"amount":10000,"currency":"PHP","description":null,"images":[],"name":"Americano","quantity":1},{"amount":13000,"currency":"PHP","description":null,"images":[],"name":"Mocha","quantity":1},{"amount":13000,"currency":"PHP","description":null,"images":[],"name":"Vanilla Latte","quantity":1},{"amount":8000,"currency":"PHP","description":null,"images":[],"name":"Hot Fries","quantity":1},{"amount":6700,"currency":"PHP","description":null,"images":[],"name":"Tsundere","quantity":1},{"amount":6000,"currency":"PHP","description":null,"images":[],"name":"Banana Bread","quantity":1},{"amount":6000,"currency":"PHP","description":null,"images":[],"name":"Donut","quantity":1},{"amount":10000,"currency":"PHP","description":null,"images":[],"name":"Shipping Fee","quantity":1}],"livemode":false,"merchant":"JOHN SAMUEL GALANG DIZON","paid_at":1776683128,"payments":[{"id":"pay_p6cankQJUXnGGvtL4r8PACPo","type":"payment","attributes":{"access_url":null,"amount":86700,"balance_transaction_id":"bal_txn_9ZiNa8pZ5uQkXjFaWmfKsDGK","billing":{"address":{"city":null,"country":null,"line1":null,"line2":null,"postal_code":null,"state":null},"email":"johnsamueldizon222@gmail.com","name":"John Samuel Galang Dizon","phone":"09302463113"},"currency":"PHP","description":"KapeBara Order","digital_withholding_vat_amount":0,"disputed":false,"external_reference_number":null,"fee":2168,"instant_settlement":null,"livemode":false,"net_amount":84532,"origin":"api","payment_intent_id":"pi_JTgQpMZHWCYwcUYDzMHqD4Wm","payout":null,"source":{"id":"src_H1BfrJvZQjoBgu7KHnFkMzUN","type":"gcash","provider":{"id":null},"provider_id":null},"statement_descriptor":"JOHN SAMUEL GALANG DIZON","status":"paid","tax_amount":null,"metadata":null,"promotion":null,"refunds":[],"taxes":[],"available_at":1776934800,"created_at":1776683129,"credited_at":1777510800,"paid_at":1776683128,"updated_at":1776683129}}],"payment_intent":{"id":"pi_JTgQpMZHWCYwcUYDzMHqD4Wm","type":"payment_intent","attributes":{"amount":86700,"capture_type":"automatic","client_key":"pi_JTgQpMZHWCYwcUYDzMHqD4Wm_client_4QXuTi9A23JhSdbGMisyXomQ","currency":"PHP","description":"KapeBara Order","livemode":false,"original_amount":86700,"statement_descriptor":"JOHN SAMUEL GALANG DIZON","status":"succeeded","last_payment_error":null,"payment_method_allowed":["dob","gcash","card","paymaya"],"payments":[{"id":"pay_p6cankQJUXnGGvtL4r8PACPo","type":"payment","attributes":{"access_url":null,"amount":86700,"balance_transaction_id":"bal_txn_9ZiNa8pZ5uQkXjFaWmfKsDGK","billing":{"address":{"city":null,"country":null,"line1":null,"line2":null,"postal_code":null,"state":null},"email":"johnsamueldizon222@gmail.com","name":"John Samuel Galang Dizon","phone":"09302463113"},"currency":"PHP","description":"KapeBara Order","digital_withholding_vat_amount":0,"disputed":false,"external_reference_number":null,"fee":2168,"instant_settlement":null,"livemode":false,"net_amount":84532,"origin":"api","payment_intent_id":"pi_JTgQpMZHWCYwcUYDzMHqD4Wm","payout":null,"source":{"id":"src_H1BfrJvZQjoBgu7KHnFkMzUN","type":"gcash","provider":{"id":null},"provider_id":null},"statement_descriptor":"JOHN SAMUEL GALANG DIZON","status":"paid","tax_amount":null,"metadata":null,"promotion":null,"refunds":[],"taxes":[],"available_at":1776934800,"created_at":1776683129,"credited_at":1777510800,"paid_at":1776683128,"updated_at":1776683129}}],"next_action":null,"payment_method_options":{"card":{"request_three_d_secure":"any"}},"metadata":null,"setup_future_usage":null,"created_at":1776683122,"updated_at":1776683129}},"payment_method_types":[],"payment_method_used":"gcash","reference_number":null,"send_email_receipt":false,"show_description":true,"show_line_items":true,"status":"active","success_url":"http://localhost/WST/Main/success.html","created_at":1776683122,"updated_at":1776683126,"metadata":null}},"previous_data":{},"pending_webhooks":1,"created_at":1776683130,"updated_at":1776683130}}}
[2026-04-20 13:05:29] DB connected successfully
[2026-04-20 13:05:29] Event type: checkout_session.payment.paid
[2026-04-20 13:05:29] Session ID: cs_6c22dafbfc2f27c1a4b97024
[2026-04-20 13:05:29] Pending order found: YES
[2026-04-20 13:05:29] User ID: 13 | Order total: 867.00
[2026-04-20 13:05:29] Raw cart rows for user 13: [{"id":49,"user_id":13,"product_id":3,"quantity":1,"created_at":"2026-04-20 19:05:03"},{"id":50,"user_id":13,"product_id":4,"quantity":1,"created_at":"2026-04-20 19:05:04"},{"id":51,"user_id":13,"product_id":5,"quantity":1,"created_at":"2026-04-20 19:05:04"},{"id":52,"user_id":13,"product_id":9,"quantity":1,"created_at":"2026-04-20 19:05:05"},{"id":53,"user_id":13,"product_id":14,"quantity":1,"created_at":"2026-04-20 19:05:07"},{"id":54,"user_id":13,"product_id":24,"quantity":1,"created_at":"2026-04-20 19:05:08"},{"id":55,"user_id":13,"product_id":17,"quantity":1,"created_at":"2026-04-20 19:05:09"},{"id":56,"user_id":13,"product_id":16,"quantity":1,"created_at":"2026-04-20 19:05:10"}]
[2026-04-20 13:05:29] Cart items found: 8
[2026-04-20 13:05:29] Cart items data: [{"quantity":1,"price":"140.00","product_id":3},{"quantity":1,"price":"100.00","product_id":4},{"quantity":1,"price":"130.00","product_id":5},{"quantity":1,"price":"130.00","product_id":9},{"quantity":1,"price":"80.00","product_id":14},{"quantity":1,"price":"67.00","product_id":24},{"quantity":1,"price":"60.00","product_id":17},{"quantity":1,"price":"60.00","product_id":16}]
[2026-04-20 13:05:29] Transaction started
[2026-04-20 13:05:29] Inserting — product_id: 3 | qty: 1 | total: 152.5
[2026-04-20 13:05:29] Inserted successfully for product_id: 3
[2026-04-20 13:05:29] Stock deducted for product_id: 3 | qty deducted: 1
[2026-04-20 13:05:29] Inserting — product_id: 4 | qty: 1 | total: 112.5
[2026-04-20 13:05:29] Inserted successfully for product_id: 4
[2026-04-20 13:05:29] Stock deducted for product_id: 4 | qty deducted: 1
[2026-04-20 13:05:29] Inserting — product_id: 5 | qty: 1 | total: 142.5
[2026-04-20 13:05:29] Inserted successfully for product_id: 5
[2026-04-20 13:05:29] Stock deducted for product_id: 5 | qty deducted: 1
[2026-04-20 13:05:29] Inserting — product_id: 9 | qty: 1 | total: 142.5
[2026-04-20 13:05:29] Inserted successfully for product_id: 9
[2026-04-20 13:05:29] Stock deducted for product_id: 9 | qty deducted: 1
[2026-04-20 13:05:29] Inserting — product_id: 14 | qty: 1 | total: 92.5
[2026-04-20 13:05:29] Inserted successfully for product_id: 14
[2026-04-20 13:05:29] Stock deducted for product_id: 14 | qty deducted: 1
[2026-04-20 13:05:29] Inserting — product_id: 24 | qty: 1 | total: 79.5
[2026-04-20 13:05:29] Inserted successfully for product_id: 24
[2026-04-20 13:05:29] Stock deducted for product_id: 24 | qty deducted: 1
[2026-04-20 13:05:29] Inserting — product_id: 17 | qty: 1 | total: 72.5
[2026-04-20 13:05:29] Inserted successfully for product_id: 17
[2026-04-20 13:05:29] Stock deducted for product_id: 17 | qty deducted: 1
[2026-04-20 13:05:29] Inserting — product_id: 16 | qty: 1 | total: 72.5
[2026-04-20 13:05:29] Inserted successfully for product_id: 16
[2026-04-20 13:05:29] Stock deducted for product_id: 16 | qty deducted: 1
[2026-04-20 13:05:29] Cart cleared for user_id: 13
[2026-04-20 13:05:29] Marked as paid for session_id: cs_6c22dafbfc2f27c1a4b97024
[2026-04-20 13:05:29] === TRANSACTION COMMITTED SUCCESSFULLY ===
[2026-04-20 13:05:29] === WEBHOOK COMPLETE ===
[2026-04-20 13:08:44] === WEBHOOK HIT ===
[2026-04-20 13:08:44] Raw payload: {"data":{"id":"evt_178oz1Dxo1SCKiPHR5rMLGKU","type":"event","attributes":{"type":"checkout_session.payment.paid","livemode":false,"data":{"id":"cs_bbb6a0a8587776f867ba9ddc","type":"checkout_session","attributes":{"billing":{"address":{"city":null,"country":null,"line1":null,"line2":null,"postal_code":null,"state":null},"email":null,"name":null,"phone":null},"billing_information_fields_editable":"enabled","cancel_url":"http://localhost/WST/Main/CART.html","checkout_url":"https://checkout.paymongo.com/cs_bbb6a0a8587776f867ba9ddc_client_e8bdeb86a41beb7d6aa68f3e#cGtfdGVzdF8zR3VmYkxEckdkNllFbW45V1lZM2tjTTY=","client_key":"cs_bbb6a0a8587776f867ba9ddc_client_e8bdeb86a41beb7d6aa68f3e","customer_email":null,"customer_id":null,"description":"KapeBara Order","line_items":[{"amount":13000,"currency":"PHP","description":null,"images":[],"name":"Mocha","quantity":1},{"amount":13000,"currency":"PHP","description":null,"images":[],"name":"Vanilla Latte","quantity":1},{"amount":8000,"currency":"PHP","description":null,"images":[],"name":"Ranch Fries","quantity":1},{"amount":8000,"currency":"PHP","description":null,"images":[],"name":"Cheesy Fries","quantity":1},{"amount":6700,"currency":"PHP","description":null,"images":[],"name":"Tsundere","quantity":14},{"amount":10000,"currency":"PHP","description":null,"images":[],"name":"Shipping Fee","quantity":1}],"livemode":false,"merchant":"JOHN SAMUEL GALANG DIZON","paid_at":1776683324,"payments":[{"id":"pay_dBf7PwRMFWTYp8EjeY5hvDAN","type":"payment","attributes":{"access_url":null,"amount":145800,"balance_transaction_id":"bal_txn_ozNPDmvMD1Dv8LX93qQUG3F3","billing":{"address":{"city":null,"country":null,"line1":null,"line2":null,"postal_code":null,"state":null},"email":"johnsamueldizon222@gmail.com","name":"John Samuel Galang Dizon","phone":"09302463113"},"currency":"PHP","description":"KapeBara Order","digital_withholding_vat_amount":0,"disputed":false,"external_reference_number":null,"fee":3645,"instant_settlement":null,"livemode":false,"net_amount":142155,"origin":"api","payment_intent_id":"pi_JEL8WpauXbWsacmn5YjGTWqY","payout":null,"source":{"id":"src_jk5qKeadYa5LvsAjaCW7YBHU","type":"gcash","provider":{"id":null},"provider_id":null},"statement_descriptor":"JOHN SAMUEL GALANG DIZON","status":"paid","tax_amount":null,"metadata":null,"promotion":null,"refunds":[],"taxes":[],"available_at":1776934800,"created_at":1776683324,"credited_at":1777510800,"paid_at":1776683324,"updated_at":1776683325}}],"payment_intent":{"id":"pi_JEL8WpauXbWsacmn5YjGTWqY","type":"payment_intent","attributes":{"amount":145800,"capture_type":"automatic","client_key":"pi_JEL8WpauXbWsacmn5YjGTWqY_client_SfRpSMJjYkzCsnQyu1nZV4sx","currency":"PHP","description":"KapeBara Order","livemode":false,"original_amount":145800,"statement_descriptor":"JOHN SAMUEL GALANG DIZON","status":"succeeded","last_payment_error":null,"payment_method_allowed":["dob","paymaya","gcash","card"],"payments":[{"id":"pay_dBf7PwRMFWTYp8EjeY5hvDAN","type":"payment","attributes":{"access_url":null,"amount":145800,"balance_transaction_id":"bal_txn_ozNPDmvMD1Dv8LX93qQUG3F3","billing":{"address":{"city":null,"country":null,"line1":null,"line2":null,"postal_code":null,"state":null},"email":"johnsamueldizon222@gmail.com","name":"John Samuel Galang Dizon","phone":"09302463113"},"currency":"PHP","description":"KapeBara Order","digital_withholding_vat_amount":0,"disputed":false,"external_reference_number":null,"fee":3645,"instant_settlement":null,"livemode":false,"net_amount":142155,"origin":"api","payment_intent_id":"pi_JEL8WpauXbWsacmn5YjGTWqY","payout":null,"source":{"id":"src_jk5qKeadYa5LvsAjaCW7YBHU","type":"gcash","provider":{"id":null},"provider_id":null},"statement_descriptor":"JOHN SAMUEL GALANG DIZON","status":"paid","tax_amount":null,"metadata":null,"promotion":null,"refunds":[],"taxes":[],"available_at":1776934800,"created_at":1776683324,"credited_at":1777510800,"paid_at":1776683324,"updated_at":1776683325}}],"next_action":null,"payment_method_options":{"card":{"request_three_d_secure":"any"}},"metadata":null,"setup_future_usage":null,"created_at":1776683316,"updated_at":1776683325}},"payment_method_types":[],"payment_method_used":"gcash","reference_number":null,"send_email_receipt":false,"show_description":true,"show_line_items":true,"status":"active","success_url":"http://localhost/WST/Main/success.html","created_at":1776683316,"updated_at":1776683323,"metadata":null}},"previous_data":{},"pending_webhooks":1,"created_at":1776683326,"updated_at":1776683326}}}
[2026-04-20 13:08:44] DB connected successfully
[2026-04-20 13:08:44] Event type: checkout_session.payment.paid
[2026-04-20 13:08:44] Session ID: cs_bbb6a0a8587776f867ba9ddc
[2026-04-20 13:08:44] Pending order found: YES
[2026-04-20 13:08:44] User ID: 13 | Order total: 1458.00
[2026-04-20 13:08:44] Raw cart rows for user 13: [{"id":57,"user_id":13,"product_id":5,"quantity":1,"created_at":"2026-04-20 19:08:20"},{"id":58,"user_id":13,"product_id":9,"quantity":1,"created_at":"2026-04-20 19:08:21"},{"id":59,"user_id":13,"product_id":13,"quantity":1,"created_at":"2026-04-20 19:08:24"},{"id":60,"user_id":13,"product_id":12,"quantity":1,"created_at":"2026-04-20 19:08:25"},{"id":61,"user_id":13,"product_id":24,"quantity":14,"created_at":"2026-04-20 19:08:26"}]
[2026-04-20 13:08:44] Cart items found: 5
[2026-04-20 13:08:44] Cart items data: [{"quantity":1,"price":"130.00","product_id":5},{"quantity":1,"price":"130.00","product_id":9},{"quantity":1,"price":"80.00","product_id":13},{"quantity":1,"price":"80.00","product_id":12},{"quantity":14,"price":"67.00","product_id":24}]
[2026-04-20 13:08:44] Transaction started
[2026-04-20 13:08:44] Inserting — product_id: 5 | qty: 1 | total: 150
[2026-04-20 13:08:44] Inserted successfully for product_id: 5
[2026-04-20 13:08:44] Stock deducted for product_id: 5 | qty deducted: 1
[2026-04-20 13:08:44] Inserting — product_id: 9 | qty: 1 | total: 150
[2026-04-20 13:08:44] Inserted successfully for product_id: 9
[2026-04-20 13:08:44] Stock deducted for product_id: 9 | qty deducted: 1
[2026-04-20 13:08:44] Inserting — product_id: 13 | qty: 1 | total: 100
[2026-04-20 13:08:44] Inserted successfully for product_id: 13
[2026-04-20 13:08:44] Stock deducted for product_id: 13 | qty deducted: 1
[2026-04-20 13:08:44] Inserting — product_id: 12 | qty: 1 | total: 100
[2026-04-20 13:08:44] Inserted successfully for product_id: 12
[2026-04-20 13:08:44] Stock deducted for product_id: 12 | qty deducted: 1
[2026-04-20 13:08:44] Inserting — product_id: 24 | qty: 14 | total: 958
[2026-04-20 13:08:44] Inserted successfully for product_id: 24
[2026-04-20 13:08:44] Stock deducted for product_id: 24 | qty deducted: 14
[2026-04-20 13:08:44] Cart cleared for user_id: 13
[2026-04-20 13:08:44] Marked as paid for session_id: cs_bbb6a0a8587776f867ba9ddc
[2026-04-20 13:08:44] === TRANSACTION COMMITTED SUCCESSFULLY ===
[2026-04-20 13:08:44] === WEBHOOK COMPLETE ===
[2026-04-21 14:17:02] === WEBHOOK HIT ===
[2026-04-21 14:17:02] Raw payload: {"data":{"id":"evt_PMURRuG5hwmv6o9i5mXdxVzb","type":"event","attributes":{"type":"checkout_session.payment.paid","livemode":false,"data":{"id":"cs_9dc78d5115f81659baf21b4c","type":"checkout_session","attributes":{"billing":{"address":{"city":null,"country":null,"line1":null,"line2":null,"postal_code":null,"state":null},"email":null,"name":null,"phone":null},"billing_information_fields_editable":"enabled","cancel_url":"http://localhost/WST/Main/CART.html","checkout_url":"https://checkout.paymongo.com/cs_9dc78d5115f81659baf21b4c_client_ac2aa4546eb9222adb8cf98e#cGtfdGVzdF8zR3VmYkxEckdkNllFbW45V1lZM2tjTTY=","client_key":"cs_9dc78d5115f81659baf21b4c_client_ac2aa4546eb9222adb8cf98e","customer_email":null,"customer_id":null,"description":"KapeBara Order","line_items":[{"amount":14000,"currency":"PHP","description":null,"images":[],"name":"Taro Frappe","quantity":3},{"amount":10000,"currency":"PHP","description":null,"images":[],"name":"Americano","quantity":3},{"amount":13000,"currency":"PHP","description":null,"images":[],"name":"Vanilla Latte","quantity":1},{"amount":8000,"currency":"PHP","description":null,"images":[],"name":"Hot Fries","quantity":2},{"amount":6000,"currency":"PHP","description":null,"images":[],"name":"Banana Bread","quantity":2},{"amount":14000,"currency":"PHP","description":null,"images":[],"name":"Matcha Latte","quantity":2},{"amount":13000,"currency":"PHP","description":null,"images":[],"name":"Mocha","quantity":2},{"amount":10000,"currency":"PHP","description":null,"images":[],"name":"Shipping Fee","quantity":1}],"livemode":false,"merchant":"JOHN SAMUEL GALANG DIZON","paid_at":1776773823,"payments":[{"id":"pay_2APfiPDZ4yJvhZ8e5C56ezvV","type":"payment","attributes":{"access_url":null,"amount":177000,"balance_transaction_id":"bal_txn_vjEugvo9L98QNV4FETX813sV","billing":{"address":{"city":null,"country":null,"line1":null,"line2":null,"postal_code":null,"state":null},"email":"johnsamueldizon222@gmail.com","name":"John Samuel Galang Dizon","phone":"09302463113"},"currency":"PHP","description":"KapeBara Order","digital_withholding_vat_amount":0,"disputed":false,"external_reference_number":null,"fee":4425,"instant_settlement":null,"livemode":false,"net_amount":172575,"origin":"api","payment_intent_id":"pi_NXQiH3gtuJu4YVcFvYwo8c17","payout":null,"source":{"id":"src_8jwYM9k8ifAe58cFGPueAjZ9","type":"gcash","provider":{"id":null},"provider_id":null},"statement_descriptor":"JOHN SAMUEL GALANG DIZON","status":"paid","tax_amount":null,"metadata":null,"promotion":null,"refunds":[],"taxes":[],"available_at":1777021200,"created_at":1776773823,"credited_at":1777510800,"paid_at":1776773823,"updated_at":1776773823}}],"payment_intent":{"id":"pi_NXQiH3gtuJu4YVcFvYwo8c17","type":"payment_intent","attributes":{"amount":177000,"capture_type":"automatic","client_key":"pi_NXQiH3gtuJu4YVcFvYwo8c17_client_T82S6S9w2EUqeW2QWosGFxyG","currency":"PHP","description":"KapeBara Order","livemode":false,"original_amount":177000,"statement_descriptor":"JOHN SAMUEL GALANG DIZON","status":"succeeded","last_payment_error":null,"payment_method_allowed":["gcash","card","paymaya","dob"],"payments":[{"id":"pay_2APfiPDZ4yJvhZ8e5C56ezvV","type":"payment","attributes":{"access_url":null,"amount":177000,"balance_transaction_id":"bal_txn_vjEugvo9L98QNV4FETX813sV","billing":{"address":{"city":null,"country":null,"line1":null,"line2":null,"postal_code":null,"state":null},"email":"johnsamueldizon222@gmail.com","name":"John Samuel Galang Dizon","phone":"09302463113"},"currency":"PHP","description":"KapeBara Order","digital_withholding_vat_amount":0,"disputed":false,"external_reference_number":null,"fee":4425,"instant_settlement":null,"livemode":false,"net_amount":172575,"origin":"api","payment_intent_id":"pi_NXQiH3gtuJu4YVcFvYwo8c17","payout":null,"source":{"id":"src_8jwYM9k8ifAe58cFGPueAjZ9","type":"gcash","provider":{"id":null},"provider_id":null},"statement_descriptor":"JOHN SAMUEL GALANG DIZON","status":"paid","tax_amount":null,"metadata":null,"promotion":null,"refunds":[],"taxes":[],"available_at":1777021200,"created_at":1776773823,"credited_at":1777510800,"paid_at":1776773823,"updated_at":1776773823}}],"next_action":null,"payment_method_options":{"card":{"request_three_d_secure":"any"}},"metadata":null,"setup_future_usage":null,"created_at":1776773813,"updated_at":1776773824}},"payment_method_types":[],"payment_method_used":"gcash","reference_number":null,"send_email_receipt":false,"show_description":true,"show_line_items":true,"status":"active","success_url":"http://localhost/WST/Main/success.html","created_at":1776773813,"updated_at":1776773821,"metadata":null}},"previous_data":{},"pending_webhooks":1,"created_at":1776773825,"updated_at":1776773825}}}
[2026-04-21 14:17:02] DB connected successfully
[2026-04-21 14:17:02] Event type: checkout_session.payment.paid
[2026-04-21 14:17:02] Session ID: cs_9dc78d5115f81659baf21b4c
[2026-04-21 14:17:02] Pending order found: YES
[2026-04-21 14:17:02] User ID: 15 | Order total: 1770.00
[2026-04-21 14:17:02] Raw cart rows for user 15: [{"id":63,"user_id":15,"product_id":3,"quantity":3,"created_at":"2026-04-21 20:16:26"},{"id":64,"user_id":15,"product_id":4,"quantity":3,"created_at":"2026-04-21 20:16:27"},{"id":65,"user_id":15,"product_id":9,"quantity":1,"created_at":"2026-04-21 20:16:29"},{"id":66,"user_id":15,"product_id":14,"quantity":2,"created_at":"2026-04-21 20:16:30"},{"id":67,"user_id":15,"product_id":17,"quantity":2,"created_at":"2026-04-21 20:16:32"},{"id":68,"user_id":15,"product_id":2,"quantity":2,"created_at":"2026-04-21 20:16:35"},{"id":69,"user_id":15,"product_id":5,"quantity":2,"created_at":"2026-04-21 20:16:37"}]
[2026-04-21 14:17:02] Cart items found: 7
[2026-04-21 14:17:02] Cart items data: [{"quantity":3,"price":"140.00","product_id":3},{"quantity":3,"price":"100.00","product_id":4},{"quantity":1,"price":"130.00","product_id":9},{"quantity":2,"price":"80.00","product_id":14},{"quantity":2,"price":"60.00","product_id":17},{"quantity":2,"price":"140.00","product_id":2},{"quantity":2,"price":"130.00","product_id":5}]
[2026-04-21 14:17:02] Transaction started
[2026-04-21 14:17:02] Inserting — product_id: 3 | qty: 3 | total: 434.29
[2026-04-21 14:17:02] Inserted successfully for product_id: 3
[2026-04-21 14:17:02] Stock deducted for product_id: 3 | qty deducted: 3
[2026-04-21 14:17:02] Inserting — product_id: 4 | qty: 3 | total: 314.29
[2026-04-21 14:17:02] Inserted successfully for product_id: 4
[2026-04-21 14:17:02] Stock deducted for product_id: 4 | qty deducted: 3
[2026-04-21 14:17:02] Inserting — product_id: 9 | qty: 1 | total: 144.29
[2026-04-21 14:17:02] Inserted successfully for product_id: 9
[2026-04-21 14:17:02] Stock deducted for product_id: 9 | qty deducted: 1
[2026-04-21 14:17:02] Inserting — product_id: 14 | qty: 2 | total: 174.29
[2026-04-21 14:17:02] Inserted successfully for product_id: 14
[2026-04-21 14:17:02] Stock deducted for product_id: 14 | qty deducted: 2
[2026-04-21 14:17:02] Inserting — product_id: 17 | qty: 2 | total: 134.29
[2026-04-21 14:17:02] Inserted successfully for product_id: 17
[2026-04-21 14:17:02] Stock deducted for product_id: 17 | qty deducted: 2
[2026-04-21 14:17:02] Inserting — product_id: 2 | qty: 2 | total: 294.29
[2026-04-21 14:17:02] Inserted successfully for product_id: 2
[2026-04-21 14:17:02] Stock deducted for product_id: 2 | qty deducted: 2
[2026-04-21 14:17:02] Inserting — product_id: 5 | qty: 2 | total: 274.29
[2026-04-21 14:17:02] Inserted successfully for product_id: 5
[2026-04-21 14:17:02] Stock deducted for product_id: 5 | qty deducted: 2
[2026-04-21 14:17:02] Cart cleared for user_id: 15
[2026-04-21 14:17:02] Marked as paid for session_id: cs_9dc78d5115f81659baf21b4c
[2026-04-21 14:17:02] === TRANSACTION COMMITTED SUCCESSFULLY ===
[2026-04-21 14:17:02] === WEBHOOK COMPLETE ===
[2026-04-21 16:00:15] === WEBHOOK HIT ===
[2026-04-21 16:00:15] Raw payload: {"data":{"id":"evt_CnQ3dpMJDrhQ8sfLfdFQ6WaB","type":"event","attributes":{"type":"checkout_session.payment.paid","livemode":false,"data":{"id":"cs_ec327461cd346c9094365964","type":"checkout_session","attributes":{"billing":{"address":{"city":null,"country":null,"line1":null,"line2":null,"postal_code":null,"state":null},"email":null,"name":null,"phone":null},"billing_information_fields_editable":"enabled","cancel_url":"http://localhost/WST/Main/CART.html","checkout_url":"https://checkout.paymongo.com/cs_ec327461cd346c9094365964_client_144343f98ff62b96a05b947c#cGtfdGVzdF8zR3VmYkxEckdkNllFbW45V1lZM2tjTTY=","client_key":"cs_ec327461cd346c9094365964_client_144343f98ff62b96a05b947c","customer_email":null,"customer_id":null,"description":"KapeBara Guest Order","line_items":[{"amount":8000,"currency":"PHP","description":null,"images":[],"name":"Cinnamon Fries","quantity":1},{"amount":8000,"currency":"PHP","description":null,"images":[],"name":"Cheesy Fries","quantity":1},{"amount":8000,"currency":"PHP","description":null,"images":[],"name":"Ranch Fries","quantity":1},{"amount":8000,"currency":"PHP","description":null,"images":[],"name":"Hot Fries","quantity":1},{"amount":9000,"currency":"PHP","description":null,"images":[],"name":"Spanish Bread","quantity":1},{"amount":10000,"currency":"PHP","description":null,"images":[],"name":"Shipping Fee","quantity":1}],"livemode":false,"merchant":"JOHN SAMUEL GALANG DIZON","paid_at":1776780016,"payments":[{"id":"pay_MgJvbqqju798kKuZThJD68Ya","type":"payment","attributes":{"access_url":null,"amount":51000,"balance_transaction_id":"bal_txn_eLeD6UNGpctbNGhWGbFJ2zGv","billing":{"address":{"city":null,"country":null,"line1":null,"line2":null,"postal_code":null,"state":null},"email":"samgreen22diz@gmail.com","name":"John Samuel Dizon","phone":"09092034621"},"currency":"PHP","description":"KapeBara Guest Order","digital_withholding_vat_amount":0,"disputed":false,"external_reference_number":null,"fee":1275,"instant_settlement":null,"livemode":false,"net_amount":49725,"origin":"api","payment_intent_id":"pi_VaZEzRUnmUhKjcvZDEwUhfuK","payout":null,"source":{"id":"src_mAxgdPPYR98d74qD7FFPzaYm","type":"gcash","provider":{"id":null},"provider_id":null},"statement_descriptor":"JOHN SAMUEL GALANG DIZON","status":"paid","tax_amount":null,"metadata":null,"promotion":null,"refunds":[],"taxes":[],"available_at":1777021200,"created_at":1776780016,"credited_at":1777510800,"paid_at":1776780016,"updated_at":1776780016}}],"payment_intent":{"id":"pi_VaZEzRUnmUhKjcvZDEwUhfuK","type":"payment_intent","attributes":{"amount":51000,"capture_type":"automatic","client_key":"pi_VaZEzRUnmUhKjcvZDEwUhfuK_client_VdhfoBPdGEUHvmCKio4XtiY3","currency":"PHP","description":"KapeBara Guest Order","livemode":false,"original_amount":51000,"statement_descriptor":"JOHN SAMUEL GALANG DIZON","status":"succeeded","last_payment_error":null,"payment_method_allowed":["card","paymaya","gcash","dob"],"payments":[{"id":"pay_MgJvbqqju798kKuZThJD68Ya","type":"payment","attributes":{"access_url":null,"amount":51000,"balance_transaction_id":"bal_txn_eLeD6UNGpctbNGhWGbFJ2zGv","billing":{"address":{"city":null,"country":null,"line1":null,"line2":null,"postal_code":null,"state":null},"email":"samgreen22diz@gmail.com","name":"John Samuel Dizon","phone":"09092034621"},"currency":"PHP","description":"KapeBara Guest Order","digital_withholding_vat_amount":0,"disputed":false,"external_reference_number":null,"fee":1275,"instant_settlement":null,"livemode":false,"net_amount":49725,"origin":"api","payment_intent_id":"pi_VaZEzRUnmUhKjcvZDEwUhfuK","payout":null,"source":{"id":"src_mAxgdPPYR98d74qD7FFPzaYm","type":"gcash","provider":{"id":null},"provider_id":null},"statement_descriptor":"JOHN SAMUEL GALANG DIZON","status":"paid","tax_amount":null,"metadata":null,"promotion":null,"refunds":[],"taxes":[],"available_at":1777021200,"created_at":1776780016,"credited_at":1777510800,"paid_at":1776780016,"updated_at":1776780016}}],"next_action":null,"payment_method_options":{"card":{"request_three_d_secure":"any"}},"metadata":null,"setup_future_usage":null,"created_at":1776779994,"updated_at":1776780016}},"payment_method_types":[],"payment_method_used":"gcash","reference_number":null,"send_email_receipt":false,"show_description":true,"show_line_items":true,"status":"active","success_url":"http://localhost/WST/Main/success.html","created_at":1776779994,"updated_at":1776780012,"metadata":null}},"previous_data":{},"pending_webhooks":1,"created_at":1776780018,"updated_at":1776780018}}}
[2026-04-21 16:00:15] DB connected successfully
[2026-04-21 16:00:15] Event type: checkout_session.payment.paid
[2026-04-21 16:00:15] Session ID: cs_ec327461cd346c9094365964
[2026-04-21 16:00:15] Pending order found: YES
[2026-04-21 16:00:15] User ID:  | Order total: 510.00
[2026-04-21 16:00:26] === WEBHOOK HIT ===
[2026-04-21 16:00:26] Raw payload: {"data":{"id":"evt_CnQ3dpMJDrhQ8sfLfdFQ6WaB","type":"event","attributes":{"type":"checkout_session.payment.paid","livemode":false,"data":{"id":"cs_ec327461cd346c9094365964","type":"checkout_session","attributes":{"billing":{"address":{"city":null,"country":null,"line1":null,"line2":null,"postal_code":null,"state":null},"email":null,"name":null,"phone":null},"billing_information_fields_editable":"enabled","cancel_url":"http://localhost/WST/Main/CART.html","checkout_url":"https://checkout.paymongo.com/cs_ec327461cd346c9094365964_client_144343f98ff62b96a05b947c#cGtfdGVzdF8zR3VmYkxEckdkNllFbW45V1lZM2tjTTY=","client_key":"cs_ec327461cd346c9094365964_client_144343f98ff62b96a05b947c","customer_email":null,"customer_id":null,"description":"KapeBara Guest Order","line_items":[{"amount":8000,"currency":"PHP","description":null,"images":[],"name":"Cinnamon Fries","quantity":1},{"amount":8000,"currency":"PHP","description":null,"images":[],"name":"Cheesy Fries","quantity":1},{"amount":8000,"currency":"PHP","description":null,"images":[],"name":"Ranch Fries","quantity":1},{"amount":8000,"currency":"PHP","description":null,"images":[],"name":"Hot Fries","quantity":1},{"amount":9000,"currency":"PHP","description":null,"images":[],"name":"Spanish Bread","quantity":1},{"amount":10000,"currency":"PHP","description":null,"images":[],"name":"Shipping Fee","quantity":1}],"livemode":false,"merchant":"JOHN SAMUEL GALANG DIZON","paid_at":1776780016,"payments":[{"id":"pay_MgJvbqqju798kKuZThJD68Ya","type":"payment","attributes":{"access_url":null,"amount":51000,"balance_transaction_id":"bal_txn_eLeD6UNGpctbNGhWGbFJ2zGv","billing":{"address":{"city":null,"country":null,"line1":null,"line2":null,"postal_code":null,"state":null},"email":"samgreen22diz@gmail.com","name":"John Samuel Dizon","phone":"09092034621"},"currency":"PHP","description":"KapeBara Guest Order","digital_withholding_vat_amount":0,"disputed":false,"external_reference_number":null,"fee":1275,"instant_settlement":null,"livemode":false,"net_amount":49725,"origin":"api","payment_intent_id":"pi_VaZEzRUnmUhKjcvZDEwUhfuK","payout":null,"source":{"id":"src_mAxgdPPYR98d74qD7FFPzaYm","type":"gcash","provider":{"id":null},"provider_id":null},"statement_descriptor":"JOHN SAMUEL GALANG DIZON","status":"paid","tax_amount":null,"metadata":null,"promotion":null,"refunds":[],"taxes":[],"available_at":1777021200,"created_at":1776780016,"credited_at":1777510800,"paid_at":1776780016,"updated_at":1776780016}}],"payment_intent":{"id":"pi_VaZEzRUnmUhKjcvZDEwUhfuK","type":"payment_intent","attributes":{"amount":51000,"capture_type":"automatic","client_key":"pi_VaZEzRUnmUhKjcvZDEwUhfuK_client_VdhfoBPdGEUHvmCKio4XtiY3","currency":"PHP","description":"KapeBara Guest Order","livemode":false,"original_amount":51000,"statement_descriptor":"JOHN SAMUEL GALANG DIZON","status":"succeeded","last_payment_error":null,"payment_method_allowed":["card","paymaya","gcash","dob"],"payments":[{"id":"pay_MgJvbqqju798kKuZThJD68Ya","type":"payment","attributes":{"access_url":null,"amount":51000,"balance_transaction_id":"bal_txn_eLeD6UNGpctbNGhWGbFJ2zGv","billing":{"address":{"city":null,"country":null,"line1":null,"line2":null,"postal_code":null,"state":null},"email":"samgreen22diz@gmail.com","name":"John Samuel Dizon","phone":"09092034621"},"currency":"PHP","description":"KapeBara Guest Order","digital_withholding_vat_amount":0,"disputed":false,"external_reference_number":null,"fee":1275,"instant_settlement":null,"livemode":false,"net_amount":49725,"origin":"api","payment_intent_id":"pi_VaZEzRUnmUhKjcvZDEwUhfuK","payout":null,"source":{"id":"src_mAxgdPPYR98d74qD7FFPzaYm","type":"gcash","provider":{"id":null},"provider_id":null},"statement_descriptor":"JOHN SAMUEL GALANG DIZON","status":"paid","tax_amount":null,"metadata":null,"promotion":null,"refunds":[],"taxes":[],"available_at":1777021200,"created_at":1776780016,"credited_at":1777510800,"paid_at":1776780016,"updated_at":1776780016}}],"next_action":null,"payment_method_options":{"card":{"request_three_d_secure":"any"}},"metadata":null,"setup_future_usage":null,"created_at":1776779994,"updated_at":1776780016}},"payment_method_types":[],"payment_method_used":"gcash","reference_number":null,"send_email_receipt":false,"show_description":true,"show_line_items":true,"status":"active","success_url":"http://localhost/WST/Main/success.html","created_at":1776779994,"updated_at":1776780012,"metadata":null}},"previous_data":{},"pending_webhooks":1,"created_at":1776780018,"updated_at":1776780018}}}
[2026-04-21 16:00:26] DB connected successfully
[2026-04-21 16:00:26] Event type: checkout_session.payment.paid
[2026-04-21 16:00:26] Session ID: cs_ec327461cd346c9094365964
[2026-04-21 16:00:26] Pending order found: YES
[2026-04-21 16:00:26] User ID:  | Order total: 510.00
[2026-04-21 16:00:36] === WEBHOOK HIT ===
[2026-04-21 16:00:36] Raw payload: {"data":{"id":"evt_CnQ3dpMJDrhQ8sfLfdFQ6WaB","type":"event","attributes":{"type":"checkout_session.payment.paid","livemode":false,"data":{"id":"cs_ec327461cd346c9094365964","type":"checkout_session","attributes":{"billing":{"address":{"city":null,"country":null,"line1":null,"line2":null,"postal_code":null,"state":null},"email":null,"name":null,"phone":null},"billing_information_fields_editable":"enabled","cancel_url":"http://localhost/WST/Main/CART.html","checkout_url":"https://checkout.paymongo.com/cs_ec327461cd346c9094365964_client_144343f98ff62b96a05b947c#cGtfdGVzdF8zR3VmYkxEckdkNllFbW45V1lZM2tjTTY=","client_key":"cs_ec327461cd346c9094365964_client_144343f98ff62b96a05b947c","customer_email":null,"customer_id":null,"description":"KapeBara Guest Order","line_items":[{"amount":8000,"currency":"PHP","description":null,"images":[],"name":"Cinnamon Fries","quantity":1},{"amount":8000,"currency":"PHP","description":null,"images":[],"name":"Cheesy Fries","quantity":1},{"amount":8000,"currency":"PHP","description":null,"images":[],"name":"Ranch Fries","quantity":1},{"amount":8000,"currency":"PHP","description":null,"images":[],"name":"Hot Fries","quantity":1},{"amount":9000,"currency":"PHP","description":null,"images":[],"name":"Spanish Bread","quantity":1},{"amount":10000,"currency":"PHP","description":null,"images":[],"name":"Shipping Fee","quantity":1}],"livemode":false,"merchant":"JOHN SAMUEL GALANG DIZON","paid_at":1776780016,"payments":[{"id":"pay_MgJvbqqju798kKuZThJD68Ya","type":"payment","attributes":{"access_url":null,"amount":51000,"balance_transaction_id":"bal_txn_eLeD6UNGpctbNGhWGbFJ2zGv","billing":{"address":{"city":null,"country":null,"line1":null,"line2":null,"postal_code":null,"state":null},"email":"samgreen22diz@gmail.com","name":"John Samuel Dizon","phone":"09092034621"},"currency":"PHP","description":"KapeBara Guest Order","digital_withholding_vat_amount":0,"disputed":false,"external_reference_number":null,"fee":1275,"instant_settlement":null,"livemode":false,"net_amount":49725,"origin":"api","payment_intent_id":"pi_VaZEzRUnmUhKjcvZDEwUhfuK","payout":null,"source":{"id":"src_mAxgdPPYR98d74qD7FFPzaYm","type":"gcash","provider":{"id":null},"provider_id":null},"statement_descriptor":"JOHN SAMUEL GALANG DIZON","status":"paid","tax_amount":null,"metadata":null,"promotion":null,"refunds":[],"taxes":[],"available_at":1777021200,"created_at":1776780016,"credited_at":1777510800,"paid_at":1776780016,"updated_at":1776780016}}],"payment_intent":{"id":"pi_VaZEzRUnmUhKjcvZDEwUhfuK","type":"payment_intent","attributes":{"amount":51000,"capture_type":"automatic","client_key":"pi_VaZEzRUnmUhKjcvZDEwUhfuK_client_VdhfoBPdGEUHvmCKio4XtiY3","currency":"PHP","description":"KapeBara Guest Order","livemode":false,"original_amount":51000,"statement_descriptor":"JOHN SAMUEL GALANG DIZON","status":"succeeded","last_payment_error":null,"payment_method_allowed":["card","paymaya","gcash","dob"],"payments":[{"id":"pay_MgJvbqqju798kKuZThJD68Ya","type":"payment","attributes":{"access_url":null,"amount":51000,"balance_transaction_id":"bal_txn_eLeD6UNGpctbNGhWGbFJ2zGv","billing":{"address":{"city":null,"country":null,"line1":null,"line2":null,"postal_code":null,"state":null},"email":"samgreen22diz@gmail.com","name":"John Samuel Dizon","phone":"09092034621"},"currency":"PHP","description":"KapeBara Guest Order","digital_withholding_vat_amount":0,"disputed":false,"external_reference_number":null,"fee":1275,"instant_settlement":null,"livemode":false,"net_amount":49725,"origin":"api","payment_intent_id":"pi_VaZEzRUnmUhKjcvZDEwUhfuK","payout":null,"source":{"id":"src_mAxgdPPYR98d74qD7FFPzaYm","type":"gcash","provider":{"id":null},"provider_id":null},"statement_descriptor":"JOHN SAMUEL GALANG DIZON","status":"paid","tax_amount":null,"metadata":null,"promotion":null,"refunds":[],"taxes":[],"available_at":1777021200,"created_at":1776780016,"credited_at":1777510800,"paid_at":1776780016,"updated_at":1776780016}}],"next_action":null,"payment_method_options":{"card":{"request_three_d_secure":"any"}},"metadata":null,"setup_future_usage":null,"created_at":1776779994,"updated_at":1776780016}},"payment_method_types":[],"payment_method_used":"gcash","reference_number":null,"send_email_receipt":false,"show_description":true,"show_line_items":true,"status":"active","success_url":"http://localhost/WST/Main/success.html","created_at":1776779994,"updated_at":1776780012,"metadata":null}},"previous_data":{},"pending_webhooks":1,"created_at":1776780018,"updated_at":1776780018}}}
[2026-04-21 16:00:36] DB connected successfully
[2026-04-21 16:00:36] Event type: checkout_session.payment.paid
[2026-04-21 16:00:36] Session ID: cs_ec327461cd346c9094365964
[2026-04-21 16:00:36] Pending order found: YES
[2026-04-21 16:00:36] User ID:  | Order total: 510.00
[2026-04-21 16:00:46] === WEBHOOK HIT ===
[2026-04-21 16:00:46] Raw payload: {"data":{"id":"evt_CnQ3dpMJDrhQ8sfLfdFQ6WaB","type":"event","attributes":{"type":"checkout_session.payment.paid","livemode":false,"data":{"id":"cs_ec327461cd346c9094365964","type":"checkout_session","attributes":{"billing":{"address":{"city":null,"country":null,"line1":null,"line2":null,"postal_code":null,"state":null},"email":null,"name":null,"phone":null},"billing_information_fields_editable":"enabled","cancel_url":"http://localhost/WST/Main/CART.html","checkout_url":"https://checkout.paymongo.com/cs_ec327461cd346c9094365964_client_144343f98ff62b96a05b947c#cGtfdGVzdF8zR3VmYkxEckdkNllFbW45V1lZM2tjTTY=","client_key":"cs_ec327461cd346c9094365964_client_144343f98ff62b96a05b947c","customer_email":null,"customer_id":null,"description":"KapeBara Guest Order","line_items":[{"amount":8000,"currency":"PHP","description":null,"images":[],"name":"Cinnamon Fries","quantity":1},{"amount":8000,"currency":"PHP","description":null,"images":[],"name":"Cheesy Fries","quantity":1},{"amount":8000,"currency":"PHP","description":null,"images":[],"name":"Ranch Fries","quantity":1},{"amount":8000,"currency":"PHP","description":null,"images":[],"name":"Hot Fries","quantity":1},{"amount":9000,"currency":"PHP","description":null,"images":[],"name":"Spanish Bread","quantity":1},{"amount":10000,"currency":"PHP","description":null,"images":[],"name":"Shipping Fee","quantity":1}],"livemode":false,"merchant":"JOHN SAMUEL GALANG DIZON","paid_at":1776780016,"payments":[{"id":"pay_MgJvbqqju798kKuZThJD68Ya","type":"payment","attributes":{"access_url":null,"amount":51000,"balance_transaction_id":"bal_txn_eLeD6UNGpctbNGhWGbFJ2zGv","billing":{"address":{"city":null,"country":null,"line1":null,"line2":null,"postal_code":null,"state":null},"email":"samgreen22diz@gmail.com","name":"John Samuel Dizon","phone":"09092034621"},"currency":"PHP","description":"KapeBara Guest Order","digital_withholding_vat_amount":0,"disputed":false,"external_reference_number":null,"fee":1275,"instant_settlement":null,"livemode":false,"net_amount":49725,"origin":"api","payment_intent_id":"pi_VaZEzRUnmUhKjcvZDEwUhfuK","payout":null,"source":{"id":"src_mAxgdPPYR98d74qD7FFPzaYm","type":"gcash","provider":{"id":null},"provider_id":null},"statement_descriptor":"JOHN SAMUEL GALANG DIZON","status":"paid","tax_amount":null,"metadata":null,"promotion":null,"refunds":[],"taxes":[],"available_at":1777021200,"created_at":1776780016,"credited_at":1777510800,"paid_at":1776780016,"updated_at":1776780016}}],"payment_intent":{"id":"pi_VaZEzRUnmUhKjcvZDEwUhfuK","type":"payment_intent","attributes":{"amount":51000,"capture_type":"automatic","client_key":"pi_VaZEzRUnmUhKjcvZDEwUhfuK_client_VdhfoBPdGEUHvmCKio4XtiY3","currency":"PHP","description":"KapeBara Guest Order","livemode":false,"original_amount":51000,"statement_descriptor":"JOHN SAMUEL GALANG DIZON","status":"succeeded","last_payment_error":null,"payment_method_allowed":["card","paymaya","gcash","dob"],"payments":[{"id":"pay_MgJvbqqju798kKuZThJD68Ya","type":"payment","attributes":{"access_url":null,"amount":51000,"balance_transaction_id":"bal_txn_eLeD6UNGpctbNGhWGbFJ2zGv","billing":{"address":{"city":null,"country":null,"line1":null,"line2":null,"postal_code":null,"state":null},"email":"samgreen22diz@gmail.com","name":"John Samuel Dizon","phone":"09092034621"},"currency":"PHP","description":"KapeBara Guest Order","digital_withholding_vat_amount":0,"disputed":false,"external_reference_number":null,"fee":1275,"instant_settlement":null,"livemode":false,"net_amount":49725,"origin":"api","payment_intent_id":"pi_VaZEzRUnmUhKjcvZDEwUhfuK","payout":null,"source":{"id":"src_mAxgdPPYR98d74qD7FFPzaYm","type":"gcash","provider":{"id":null},"provider_id":null},"statement_descriptor":"JOHN SAMUEL GALANG DIZON","status":"paid","tax_amount":null,"metadata":null,"promotion":null,"refunds":[],"taxes":[],"available_at":1777021200,"created_at":1776780016,"credited_at":1777510800,"paid_at":1776780016,"updated_at":1776780016}}],"next_action":null,"payment_method_options":{"card":{"request_three_d_secure":"any"}},"metadata":null,"setup_future_usage":null,"created_at":1776779994,"updated_at":1776780016}},"payment_method_types":[],"payment_method_used":"gcash","reference_number":null,"send_email_receipt":false,"show_description":true,"show_line_items":true,"status":"active","success_url":"http://localhost/WST/Main/success.html","created_at":1776779994,"updated_at":1776780012,"metadata":null}},"previous_data":{},"pending_webhooks":1,"created_at":1776780018,"updated_at":1776780018}}}
[2026-04-21 16:00:46] DB connected successfully
[2026-04-21 16:00:46] Event type: checkout_session.payment.paid
[2026-04-21 16:00:46] Session ID: cs_ec327461cd346c9094365964
[2026-04-21 16:00:46] Pending order found: YES
[2026-04-21 16:00:46] User ID:  | Order total: 510.00
[2026-04-21 16:01:08] === WEBHOOK HIT ===
[2026-04-21 16:01:08] Raw payload: {"data":{"id":"evt_CnQ3dpMJDrhQ8sfLfdFQ6WaB","type":"event","attributes":{"type":"checkout_session.payment.paid","livemode":false,"data":{"id":"cs_ec327461cd346c9094365964","type":"checkout_session","attributes":{"billing":{"address":{"city":null,"country":null,"line1":null,"line2":null,"postal_code":null,"state":null},"email":null,"name":null,"phone":null},"billing_information_fields_editable":"enabled","cancel_url":"http://localhost/WST/Main/CART.html","checkout_url":"https://checkout.paymongo.com/cs_ec327461cd346c9094365964_client_144343f98ff62b96a05b947c#cGtfdGVzdF8zR3VmYkxEckdkNllFbW45V1lZM2tjTTY=","client_key":"cs_ec327461cd346c9094365964_client_144343f98ff62b96a05b947c","customer_email":null,"customer_id":null,"description":"KapeBara Guest Order","line_items":[{"amount":8000,"currency":"PHP","description":null,"images":[],"name":"Cinnamon Fries","quantity":1},{"amount":8000,"currency":"PHP","description":null,"images":[],"name":"Cheesy Fries","quantity":1},{"amount":8000,"currency":"PHP","description":null,"images":[],"name":"Ranch Fries","quantity":1},{"amount":8000,"currency":"PHP","description":null,"images":[],"name":"Hot Fries","quantity":1},{"amount":9000,"currency":"PHP","description":null,"images":[],"name":"Spanish Bread","quantity":1},{"amount":10000,"currency":"PHP","description":null,"images":[],"name":"Shipping Fee","quantity":1}],"livemode":false,"merchant":"JOHN SAMUEL GALANG DIZON","paid_at":1776780016,"payments":[{"id":"pay_MgJvbqqju798kKuZThJD68Ya","type":"payment","attributes":{"access_url":null,"amount":51000,"balance_transaction_id":"bal_txn_eLeD6UNGpctbNGhWGbFJ2zGv","billing":{"address":{"city":null,"country":null,"line1":null,"line2":null,"postal_code":null,"state":null},"email":"samgreen22diz@gmail.com","name":"John Samuel Dizon","phone":"09092034621"},"currency":"PHP","description":"KapeBara Guest Order","digital_withholding_vat_amount":0,"disputed":false,"external_reference_number":null,"fee":1275,"instant_settlement":null,"livemode":false,"net_amount":49725,"origin":"api","payment_intent_id":"pi_VaZEzRUnmUhKjcvZDEwUhfuK","payout":null,"source":{"id":"src_mAxgdPPYR98d74qD7FFPzaYm","type":"gcash","provider":{"id":null},"provider_id":null},"statement_descriptor":"JOHN SAMUEL GALANG DIZON","status":"paid","tax_amount":null,"metadata":null,"promotion":null,"refunds":[],"taxes":[],"available_at":1777021200,"created_at":1776780016,"credited_at":1777510800,"paid_at":1776780016,"updated_at":1776780016}}],"payment_intent":{"id":"pi_VaZEzRUnmUhKjcvZDEwUhfuK","type":"payment_intent","attributes":{"amount":51000,"capture_type":"automatic","client_key":"pi_VaZEzRUnmUhKjcvZDEwUhfuK_client_VdhfoBPdGEUHvmCKio4XtiY3","currency":"PHP","description":"KapeBara Guest Order","livemode":false,"original_amount":51000,"statement_descriptor":"JOHN SAMUEL GALANG DIZON","status":"succeeded","last_payment_error":null,"payment_method_allowed":["card","paymaya","gcash","dob"],"payments":[{"id":"pay_MgJvbqqju798kKuZThJD68Ya","type":"payment","attributes":{"access_url":null,"amount":51000,"balance_transaction_id":"bal_txn_eLeD6UNGpctbNGhWGbFJ2zGv","billing":{"address":{"city":null,"country":null,"line1":null,"line2":null,"postal_code":null,"state":null},"email":"samgreen22diz@gmail.com","name":"John Samuel Dizon","phone":"09092034621"},"currency":"PHP","description":"KapeBara Guest Order","digital_withholding_vat_amount":0,"disputed":false,"external_reference_number":null,"fee":1275,"instant_settlement":null,"livemode":false,"net_amount":49725,"origin":"api","payment_intent_id":"pi_VaZEzRUnmUhKjcvZDEwUhfuK","payout":null,"source":{"id":"src_mAxgdPPYR98d74qD7FFPzaYm","type":"gcash","provider":{"id":null},"provider_id":null},"statement_descriptor":"JOHN SAMUEL GALANG DIZON","status":"paid","tax_amount":null,"metadata":null,"promotion":null,"refunds":[],"taxes":[],"available_at":1777021200,"created_at":1776780016,"credited_at":1777510800,"paid_at":1776780016,"updated_at":1776780016}}],"next_action":null,"payment_method_options":{"card":{"request_three_d_secure":"any"}},"metadata":null,"setup_future_usage":null,"created_at":1776779994,"updated_at":1776780016}},"payment_method_types":[],"payment_method_used":"gcash","reference_number":null,"send_email_receipt":false,"show_description":true,"show_line_items":true,"status":"active","success_url":"http://localhost/WST/Main/success.html","created_at":1776779994,"updated_at":1776780012,"metadata":null}},"previous_data":{},"pending_webhooks":1,"created_at":1776780018,"updated_at":1776780018}}}
[2026-04-21 16:01:08] DB connected successfully
[2026-04-21 16:01:08] Event type: checkout_session.payment.paid
[2026-04-21 16:01:08] Session ID: cs_ec327461cd346c9094365964
[2026-04-21 16:01:08] Pending order found: YES
[2026-04-21 16:01:08] User ID:  | Order total: 510.00
[2026-04-21 16:01:50] === WEBHOOK HIT ===
[2026-04-21 16:01:50] Raw payload: {"data":{"id":"evt_CnQ3dpMJDrhQ8sfLfdFQ6WaB","type":"event","attributes":{"type":"checkout_session.payment.paid","livemode":false,"data":{"id":"cs_ec327461cd346c9094365964","type":"checkout_session","attributes":{"billing":{"address":{"city":null,"country":null,"line1":null,"line2":null,"postal_code":null,"state":null},"email":null,"name":null,"phone":null},"billing_information_fields_editable":"enabled","cancel_url":"http://localhost/WST/Main/CART.html","checkout_url":"https://checkout.paymongo.com/cs_ec327461cd346c9094365964_client_144343f98ff62b96a05b947c#cGtfdGVzdF8zR3VmYkxEckdkNllFbW45V1lZM2tjTTY=","client_key":"cs_ec327461cd346c9094365964_client_144343f98ff62b96a05b947c","customer_email":null,"customer_id":null,"description":"KapeBara Guest Order","line_items":[{"amount":8000,"currency":"PHP","description":null,"images":[],"name":"Cinnamon Fries","quantity":1},{"amount":8000,"currency":"PHP","description":null,"images":[],"name":"Cheesy Fries","quantity":1},{"amount":8000,"currency":"PHP","description":null,"images":[],"name":"Ranch Fries","quantity":1},{"amount":8000,"currency":"PHP","description":null,"images":[],"name":"Hot Fries","quantity":1},{"amount":9000,"currency":"PHP","description":null,"images":[],"name":"Spanish Bread","quantity":1},{"amount":10000,"currency":"PHP","description":null,"images":[],"name":"Shipping Fee","quantity":1}],"livemode":false,"merchant":"JOHN SAMUEL GALANG DIZON","paid_at":1776780016,"payments":[{"id":"pay_MgJvbqqju798kKuZThJD68Ya","type":"payment","attributes":{"access_url":null,"amount":51000,"balance_transaction_id":"bal_txn_eLeD6UNGpctbNGhWGbFJ2zGv","billing":{"address":{"city":null,"country":null,"line1":null,"line2":null,"postal_code":null,"state":null},"email":"samgreen22diz@gmail.com","name":"John Samuel Dizon","phone":"09092034621"},"currency":"PHP","description":"KapeBara Guest Order","digital_withholding_vat_amount":0,"disputed":false,"external_reference_number":null,"fee":1275,"instant_settlement":null,"livemode":false,"net_amount":49725,"origin":"api","payment_intent_id":"pi_VaZEzRUnmUhKjcvZDEwUhfuK","payout":null,"source":{"id":"src_mAxgdPPYR98d74qD7FFPzaYm","type":"gcash","provider":{"id":null},"provider_id":null},"statement_descriptor":"JOHN SAMUEL GALANG DIZON","status":"paid","tax_amount":null,"metadata":null,"promotion":null,"refunds":[],"taxes":[],"available_at":1777021200,"created_at":1776780016,"credited_at":1777510800,"paid_at":1776780016,"updated_at":1776780016}}],"payment_intent":{"id":"pi_VaZEzRUnmUhKjcvZDEwUhfuK","type":"payment_intent","attributes":{"amount":51000,"capture_type":"automatic","client_key":"pi_VaZEzRUnmUhKjcvZDEwUhfuK_client_VdhfoBPdGEUHvmCKio4XtiY3","currency":"PHP","description":"KapeBara Guest Order","livemode":false,"original_amount":51000,"statement_descriptor":"JOHN SAMUEL GALANG DIZON","status":"succeeded","last_payment_error":null,"payment_method_allowed":["card","paymaya","gcash","dob"],"payments":[{"id":"pay_MgJvbqqju798kKuZThJD68Ya","type":"payment","attributes":{"access_url":null,"amount":51000,"balance_transaction_id":"bal_txn_eLeD6UNGpctbNGhWGbFJ2zGv","billing":{"address":{"city":null,"country":null,"line1":null,"line2":null,"postal_code":null,"state":null},"email":"samgreen22diz@gmail.com","name":"John Samuel Dizon","phone":"09092034621"},"currency":"PHP","description":"KapeBara Guest Order","digital_withholding_vat_amount":0,"disputed":false,"external_reference_number":null,"fee":1275,"instant_settlement":null,"livemode":false,"net_amount":49725,"origin":"api","payment_intent_id":"pi_VaZEzRUnmUhKjcvZDEwUhfuK","payout":null,"source":{"id":"src_mAxgdPPYR98d74qD7FFPzaYm","type":"gcash","provider":{"id":null},"provider_id":null},"statement_descriptor":"JOHN SAMUEL GALANG DIZON","status":"paid","tax_amount":null,"metadata":null,"promotion":null,"refunds":[],"taxes":[],"available_at":1777021200,"created_at":1776780016,"credited_at":1777510800,"paid_at":1776780016,"updated_at":1776780016}}],"next_action":null,"payment_method_options":{"card":{"request_three_d_secure":"any"}},"metadata":null,"setup_future_usage":null,"created_at":1776779994,"updated_at":1776780016}},"payment_method_types":[],"payment_method_used":"gcash","reference_number":null,"send_email_receipt":false,"show_description":true,"show_line_items":true,"status":"active","success_url":"http://localhost/WST/Main/success.html","created_at":1776779994,"updated_at":1776780012,"metadata":null}},"previous_data":{},"pending_webhooks":1,"created_at":1776780018,"updated_at":1776780018}}}
[2026-04-21 16:01:50] DB connected successfully
[2026-04-21 16:01:50] Event type: checkout_session.payment.paid
[2026-04-21 16:01:50] Session ID: cs_ec327461cd346c9094365964
[2026-04-21 16:01:50] Pending order found: YES
[2026-04-21 16:01:50] User ID:  | Order total: 510.00
[2026-04-21 16:02:57] === WEBHOOK HIT ===
[2026-04-21 16:02:57] Raw payload: {"data":{"id":"evt_CnQ3dpMJDrhQ8sfLfdFQ6WaB","type":"event","attributes":{"type":"checkout_session.payment.paid","livemode":false,"data":{"id":"cs_ec327461cd346c9094365964","type":"checkout_session","attributes":{"billing":{"address":{"city":null,"country":null,"line1":null,"line2":null,"postal_code":null,"state":null},"email":null,"name":null,"phone":null},"billing_information_fields_editable":"enabled","cancel_url":"http://localhost/WST/Main/CART.html","checkout_url":"https://checkout.paymongo.com/cs_ec327461cd346c9094365964_client_144343f98ff62b96a05b947c#cGtfdGVzdF8zR3VmYkxEckdkNllFbW45V1lZM2tjTTY=","client_key":"cs_ec327461cd346c9094365964_client_144343f98ff62b96a05b947c","customer_email":null,"customer_id":null,"description":"KapeBara Guest Order","line_items":[{"amount":8000,"currency":"PHP","description":null,"images":[],"name":"Cinnamon Fries","quantity":1},{"amount":8000,"currency":"PHP","description":null,"images":[],"name":"Cheesy Fries","quantity":1},{"amount":8000,"currency":"PHP","description":null,"images":[],"name":"Ranch Fries","quantity":1},{"amount":8000,"currency":"PHP","description":null,"images":[],"name":"Hot Fries","quantity":1},{"amount":9000,"currency":"PHP","description":null,"images":[],"name":"Spanish Bread","quantity":1},{"amount":10000,"currency":"PHP","description":null,"images":[],"name":"Shipping Fee","quantity":1}],"livemode":false,"merchant":"JOHN SAMUEL GALANG DIZON","paid_at":1776780016,"payments":[{"id":"pay_MgJvbqqju798kKuZThJD68Ya","type":"payment","attributes":{"access_url":null,"amount":51000,"balance_transaction_id":"bal_txn_eLeD6UNGpctbNGhWGbFJ2zGv","billing":{"address":{"city":null,"country":null,"line1":null,"line2":null,"postal_code":null,"state":null},"email":"samgreen22diz@gmail.com","name":"John Samuel Dizon","phone":"09092034621"},"currency":"PHP","description":"KapeBara Guest Order","digital_withholding_vat_amount":0,"disputed":false,"external_reference_number":null,"fee":1275,"instant_settlement":null,"livemode":false,"net_amount":49725,"origin":"api","payment_intent_id":"pi_VaZEzRUnmUhKjcvZDEwUhfuK","payout":null,"source":{"id":"src_mAxgdPPYR98d74qD7FFPzaYm","type":"gcash","provider":{"id":null},"provider_id":null},"statement_descriptor":"JOHN SAMUEL GALANG DIZON","status":"paid","tax_amount":null,"metadata":null,"promotion":null,"refunds":[],"taxes":[],"available_at":1777021200,"created_at":1776780016,"credited_at":1777510800,"paid_at":1776780016,"updated_at":1776780016}}],"payment_intent":{"id":"pi_VaZEzRUnmUhKjcvZDEwUhfuK","type":"payment_intent","attributes":{"amount":51000,"capture_type":"automatic","client_key":"pi_VaZEzRUnmUhKjcvZDEwUhfuK_client_VdhfoBPdGEUHvmCKio4XtiY3","currency":"PHP","description":"KapeBara Guest Order","livemode":false,"original_amount":51000,"statement_descriptor":"JOHN SAMUEL GALANG DIZON","status":"succeeded","last_payment_error":null,"payment_method_allowed":["card","paymaya","gcash","dob"],"payments":[{"id":"pay_MgJvbqqju798kKuZThJD68Ya","type":"payment","attributes":{"access_url":null,"amount":51000,"balance_transaction_id":"bal_txn_eLeD6UNGpctbNGhWGbFJ2zGv","billing":{"address":{"city":null,"country":null,"line1":null,"line2":null,"postal_code":null,"state":null},"email":"samgreen22diz@gmail.com","name":"John Samuel Dizon","phone":"09092034621"},"currency":"PHP","description":"KapeBara Guest Order","digital_withholding_vat_amount":0,"disputed":false,"external_reference_number":null,"fee":1275,"instant_settlement":null,"livemode":false,"net_amount":49725,"origin":"api","payment_intent_id":"pi_VaZEzRUnmUhKjcvZDEwUhfuK","payout":null,"source":{"id":"src_mAxgdPPYR98d74qD7FFPzaYm","type":"gcash","provider":{"id":null},"provider_id":null},"statement_descriptor":"JOHN SAMUEL GALANG DIZON","status":"paid","tax_amount":null,"metadata":null,"promotion":null,"refunds":[],"taxes":[],"available_at":1777021200,"created_at":1776780016,"credited_at":1777510800,"paid_at":1776780016,"updated_at":1776780016}}],"next_action":null,"payment_method_options":{"card":{"request_three_d_secure":"any"}},"metadata":null,"setup_future_usage":null,"created_at":1776779994,"updated_at":1776780016}},"payment_method_types":[],"payment_method_used":"gcash","reference_number":null,"send_email_receipt":false,"show_description":true,"show_line_items":true,"status":"active","success_url":"http://localhost/WST/Main/success.html","created_at":1776779994,"updated_at":1776780012,"metadata":null}},"previous_data":{},"pending_webhooks":1,"created_at":1776780018,"updated_at":1776780018}}}
[2026-04-21 16:02:57] DB connected successfully
[2026-04-21 16:02:57] Event type: checkout_session.payment.paid
[2026-04-21 16:02:57] Session ID: cs_ec327461cd346c9094365964
[2026-04-21 16:02:57] Pending order found: YES
[2026-04-21 16:02:57] User ID:  | Order total: 510.00
[2026-04-21 16:05:10] === WEBHOOK HIT ===
[2026-04-21 16:05:10] Raw payload: {"data":{"id":"evt_CnQ3dpMJDrhQ8sfLfdFQ6WaB","type":"event","attributes":{"type":"checkout_session.payment.paid","livemode":false,"data":{"id":"cs_ec327461cd346c9094365964","type":"checkout_session","attributes":{"billing":{"address":{"city":null,"country":null,"line1":null,"line2":null,"postal_code":null,"state":null},"email":null,"name":null,"phone":null},"billing_information_fields_editable":"enabled","cancel_url":"http://localhost/WST/Main/CART.html","checkout_url":"https://checkout.paymongo.com/cs_ec327461cd346c9094365964_client_144343f98ff62b96a05b947c#cGtfdGVzdF8zR3VmYkxEckdkNllFbW45V1lZM2tjTTY=","client_key":"cs_ec327461cd346c9094365964_client_144343f98ff62b96a05b947c","customer_email":null,"customer_id":null,"description":"KapeBara Guest Order","line_items":[{"amount":8000,"currency":"PHP","description":null,"images":[],"name":"Cinnamon Fries","quantity":1},{"amount":8000,"currency":"PHP","description":null,"images":[],"name":"Cheesy Fries","quantity":1},{"amount":8000,"currency":"PHP","description":null,"images":[],"name":"Ranch Fries","quantity":1},{"amount":8000,"currency":"PHP","description":null,"images":[],"name":"Hot Fries","quantity":1},{"amount":9000,"currency":"PHP","description":null,"images":[],"name":"Spanish Bread","quantity":1},{"amount":10000,"currency":"PHP","description":null,"images":[],"name":"Shipping Fee","quantity":1}],"livemode":false,"merchant":"JOHN SAMUEL GALANG DIZON","paid_at":1776780016,"payments":[{"id":"pay_MgJvbqqju798kKuZThJD68Ya","type":"payment","attributes":{"access_url":null,"amount":51000,"balance_transaction_id":"bal_txn_eLeD6UNGpctbNGhWGbFJ2zGv","billing":{"address":{"city":null,"country":null,"line1":null,"line2":null,"postal_code":null,"state":null},"email":"samgreen22diz@gmail.com","name":"John Samuel Dizon","phone":"09092034621"},"currency":"PHP","description":"KapeBara Guest Order","digital_withholding_vat_amount":0,"disputed":false,"external_reference_number":null,"fee":1275,"instant_settlement":null,"livemode":false,"net_amount":49725,"origin":"api","payment_intent_id":"pi_VaZEzRUnmUhKjcvZDEwUhfuK","payout":null,"source":{"id":"src_mAxgdPPYR98d74qD7FFPzaYm","type":"gcash","provider":{"id":null},"provider_id":null},"statement_descriptor":"JOHN SAMUEL GALANG DIZON","status":"paid","tax_amount":null,"metadata":null,"promotion":null,"refunds":[],"taxes":[],"available_at":1777021200,"created_at":1776780016,"credited_at":1777510800,"paid_at":1776780016,"updated_at":1776780016}}],"payment_intent":{"id":"pi_VaZEzRUnmUhKjcvZDEwUhfuK","type":"payment_intent","attributes":{"amount":51000,"capture_type":"automatic","client_key":"pi_VaZEzRUnmUhKjcvZDEwUhfuK_client_VdhfoBPdGEUHvmCKio4XtiY3","currency":"PHP","description":"KapeBara Guest Order","livemode":false,"original_amount":51000,"statement_descriptor":"JOHN SAMUEL GALANG DIZON","status":"succeeded","last_payment_error":null,"payment_method_allowed":["card","paymaya","gcash","dob"],"payments":[{"id":"pay_MgJvbqqju798kKuZThJD68Ya","type":"payment","attributes":{"access_url":null,"amount":51000,"balance_transaction_id":"bal_txn_eLeD6UNGpctbNGhWGbFJ2zGv","billing":{"address":{"city":null,"country":null,"line1":null,"line2":null,"postal_code":null,"state":null},"email":"samgreen22diz@gmail.com","name":"John Samuel Dizon","phone":"09092034621"},"currency":"PHP","description":"KapeBara Guest Order","digital_withholding_vat_amount":0,"disputed":false,"external_reference_number":null,"fee":1275,"instant_settlement":null,"livemode":false,"net_amount":49725,"origin":"api","payment_intent_id":"pi_VaZEzRUnmUhKjcvZDEwUhfuK","payout":null,"source":{"id":"src_mAxgdPPYR98d74qD7FFPzaYm","type":"gcash","provider":{"id":null},"provider_id":null},"statement_descriptor":"JOHN SAMUEL GALANG DIZON","status":"paid","tax_amount":null,"metadata":null,"promotion":null,"refunds":[],"taxes":[],"available_at":1777021200,"created_at":1776780016,"credited_at":1777510800,"paid_at":1776780016,"updated_at":1776780016}}],"next_action":null,"payment_method_options":{"card":{"request_three_d_secure":"any"}},"metadata":null,"setup_future_usage":null,"created_at":1776779994,"updated_at":1776780016}},"payment_method_types":[],"payment_method_used":"gcash","reference_number":null,"send_email_receipt":false,"show_description":true,"show_line_items":true,"status":"active","success_url":"http://localhost/WST/Main/success.html","created_at":1776779994,"updated_at":1776780012,"metadata":null}},"previous_data":{},"pending_webhooks":1,"created_at":1776780018,"updated_at":1776780018}}}
[2026-04-21 16:05:10] DB connected successfully
[2026-04-21 16:05:10] Event type: checkout_session.payment.paid
[2026-04-21 16:05:10] Session ID: cs_ec327461cd346c9094365964
[2026-04-21 16:05:10] Pending order found: YES
[2026-04-21 16:05:10] User ID:  | Order total: 510.00
[2026-04-21 16:08:31] === WEBHOOK HIT ===
[2026-04-21 16:08:31] Raw payload: {"data":{"id":"evt_bguYFcKNsLGjNcE8wDJ33Znd","type":"event","attributes":{"type":"checkout_session.payment.paid","livemode":false,"data":{"id":"cs_6842fa7a6e128d8011333496","type":"checkout_session","attributes":{"billing":{"address":{"city":null,"country":null,"line1":null,"line2":null,"postal_code":null,"state":null},"email":null,"name":null,"phone":null},"billing_information_fields_editable":"enabled","cancel_url":"http://localhost/WST/Main/CART.html","checkout_url":"https://checkout.paymongo.com/cs_6842fa7a6e128d8011333496_client_ee9090154e485e1bae872637#cGtfdGVzdF8zR3VmYkxEckdkNllFbW45V1lZM2tjTTY=","client_key":"cs_6842fa7a6e128d8011333496_client_ee9090154e485e1bae872637","customer_email":null,"customer_id":null,"description":"KapeBara Order","line_items":[{"amount":14000,"currency":"PHP","description":null,"images":[],"name":"Matcha Latte","quantity":1},{"amount":13000,"currency":"PHP","description":null,"images":[],"name":"Vanilla Latte","quantity":1},{"amount":14000,"currency":"PHP","description":null,"images":[],"name":"Caramel Macchiato","quantity":1},{"amount":14000,"currency":"PHP","description":null,"images":[],"name":"Lavander Frappe","quantity":1},{"amount":8000,"currency":"PHP","description":null,"images":[],"name":"Hot Fries","quantity":2},{"amount":10000,"currency":"PHP","description":null,"images":[],"name":"Shipping Fee","quantity":1}],"livemode":false,"merchant":"JOHN SAMUEL GALANG DIZON","paid_at":1776780513,"payments":[{"id":"pay_9xt2NFAZ44k51QGJLdBdMtj6","type":"payment","attributes":{"access_url":null,"amount":81000,"balance_transaction_id":"bal_txn_eUVKHTyHEbRTEtCAZSmrGkh5","billing":{"address":{"city":null,"country":null,"line1":null,"line2":null,"postal_code":null,"state":null},"email":"samgreen22diz@gmail.com","name":"John Samuel Dizon","phone":"09092034621"},"currency":"PHP","description":"KapeBara Order","digital_withholding_vat_amount":0,"disputed":false,"external_reference_number":null,"fee":2025,"instant_settlement":null,"livemode":false,"net_amount":78975,"origin":"api","payment_intent_id":"pi_7qf72LgVz228Zk2TDU7B3QT5","payout":null,"source":{"id":"src_ctFZaaH4dhsArXXE7stomgvN","type":"gcash","provider":{"id":null},"provider_id":null},"statement_descriptor":"JOHN SAMUEL GALANG DIZON","status":"paid","tax_amount":null,"metadata":null,"promotion":null,"refunds":[],"taxes":[],"available_at":1777021200,"created_at":1776780513,"credited_at":1777510800,"paid_at":1776780513,"updated_at":1776780513}}],"payment_intent":{"id":"pi_7qf72LgVz228Zk2TDU7B3QT5","type":"payment_intent","attributes":{"amount":81000,"capture_type":"automatic","client_key":"pi_7qf72LgVz228Zk2TDU7B3QT5_client_UmRLgM3bCQbyAyUr9YsHRDNT","currency":"PHP","description":"KapeBara Order","livemode":false,"original_amount":81000,"statement_descriptor":"JOHN SAMUEL GALANG DIZON","status":"succeeded","last_payment_error":null,"payment_method_allowed":["gcash","card","dob","paymaya"],"payments":[{"id":"pay_9xt2NFAZ44k51QGJLdBdMtj6","type":"payment","attributes":{"access_url":null,"amount":81000,"balance_transaction_id":"bal_txn_eUVKHTyHEbRTEtCAZSmrGkh5","billing":{"address":{"city":null,"country":null,"line1":null,"line2":null,"postal_code":null,"state":null},"email":"samgreen22diz@gmail.com","name":"John Samuel Dizon","phone":"09092034621"},"currency":"PHP","description":"KapeBara Order","digital_withholding_vat_amount":0,"disputed":false,"external_reference_number":null,"fee":2025,"instant_settlement":null,"livemode":false,"net_amount":78975,"origin":"api","payment_intent_id":"pi_7qf72LgVz228Zk2TDU7B3QT5","payout":null,"source":{"id":"src_ctFZaaH4dhsArXXE7stomgvN","type":"gcash","provider":{"id":null},"provider_id":null},"statement_descriptor":"JOHN SAMUEL GALANG DIZON","status":"paid","tax_amount":null,"metadata":null,"promotion":null,"refunds":[],"taxes":[],"available_at":1777021200,"created_at":1776780513,"credited_at":1777510800,"paid_at":1776780513,"updated_at":1776780513}}],"next_action":null,"payment_method_options":{"card":{"request_three_d_secure":"any"}},"metadata":null,"setup_future_usage":null,"created_at":1776780504,"updated_at":1776780513}},"payment_method_types":[],"payment_method_used":"gcash","reference_number":null,"send_email_receipt":false,"show_description":true,"show_line_items":true,"status":"active","success_url":"http://localhost/WST/Main/success.html","created_at":1776780504,"updated_at":1776780511,"metadata":null}},"previous_data":{},"pending_webhooks":1,"created_at":1776780514,"updated_at":1776780514}}}
[2026-04-21 16:08:31] DB connected successfully
[2026-04-21 16:08:31] Event type: checkout_session.payment.paid
[2026-04-21 16:08:31] Session ID: cs_6842fa7a6e128d8011333496
[2026-04-21 16:08:31] Pending order found: YES
[2026-04-21 16:08:31] User ID: 17 | Order total: 810.00
[2026-04-21 16:08:31] Raw cart rows for user 17: [{"id":71,"user_id":17,"product_id":2,"quantity":1,"created_at":"2026-04-21 22:07:43"},{"id":72,"user_id":17,"product_id":9,"quantity":1,"created_at":"2026-04-21 22:07:45"},{"id":73,"user_id":17,"product_id":1,"quantity":1,"created_at":"2026-04-21 22:07:49"},{"id":74,"user_id":17,"product_id":6,"quantity":1,"created_at":"2026-04-21 22:07:57"},{"id":75,"user_id":17,"product_id":14,"quantity":2,"created_at":"2026-04-21 22:08:02"}]
[2026-04-21 16:08:31] Cart items found: 5
[2026-04-21 16:08:31] Cart items data: [{"quantity":1,"price":"140.00","product_id":2},{"quantity":1,"price":"130.00","product_id":9},{"quantity":1,"price":"140.00","product_id":1},{"quantity":1,"price":"140.00","product_id":6},{"quantity":2,"price":"80.00","product_id":14}]
[2026-04-21 16:08:31] Transaction started
[2026-04-21 16:08:31] Inserting — product_id: 2 | qty: 1 | total: 160
[2026-04-21 16:08:31] Inserted successfully for product_id: 2
[2026-04-21 16:08:31] Stock deducted for product_id: 2 | qty deducted: 1
[2026-04-21 16:08:31] Inserting — product_id: 9 | qty: 1 | total: 150
[2026-04-21 16:08:31] Inserted successfully for product_id: 9
[2026-04-21 16:08:31] Stock deducted for product_id: 9 | qty deducted: 1
[2026-04-21 16:08:31] Inserting — product_id: 1 | qty: 1 | total: 160
[2026-04-21 16:08:31] Inserted successfully for product_id: 1
[2026-04-21 16:08:31] Stock deducted for product_id: 1 | qty deducted: 1
[2026-04-21 16:08:31] Inserting — product_id: 6 | qty: 1 | total: 160
[2026-04-21 16:08:31] Inserted successfully for product_id: 6
[2026-04-21 16:08:31] Stock deducted for product_id: 6 | qty deducted: 1
[2026-04-21 16:08:31] Inserting — product_id: 14 | qty: 2 | total: 180
[2026-04-21 16:08:31] Inserted successfully for product_id: 14
[2026-04-21 16:08:31] Stock deducted for product_id: 14 | qty deducted: 2
[2026-04-21 16:08:31] Cart cleared for user_id: 17
[2026-04-21 16:08:31] Marked as paid for session_id: cs_6842fa7a6e128d8011333496
[2026-04-21 16:08:31] === TRANSACTION COMMITTED SUCCESSFULLY ===
[2026-04-21 16:08:31] === WEBHOOK COMPLETE ===
[2026-04-21 16:09:27] === WEBHOOK HIT ===
[2026-04-21 16:09:27] Raw payload: {"data":{"id":"evt_CnQ3dpMJDrhQ8sfLfdFQ6WaB","type":"event","attributes":{"type":"checkout_session.payment.paid","livemode":false,"data":{"id":"cs_ec327461cd346c9094365964","type":"checkout_session","attributes":{"billing":{"address":{"city":null,"country":null,"line1":null,"line2":null,"postal_code":null,"state":null},"email":null,"name":null,"phone":null},"billing_information_fields_editable":"enabled","cancel_url":"http://localhost/WST/Main/CART.html","checkout_url":"https://checkout.paymongo.com/cs_ec327461cd346c9094365964_client_144343f98ff62b96a05b947c#cGtfdGVzdF8zR3VmYkxEckdkNllFbW45V1lZM2tjTTY=","client_key":"cs_ec327461cd346c9094365964_client_144343f98ff62b96a05b947c","customer_email":null,"customer_id":null,"description":"KapeBara Guest Order","line_items":[{"amount":8000,"currency":"PHP","description":null,"images":[],"name":"Cinnamon Fries","quantity":1},{"amount":8000,"currency":"PHP","description":null,"images":[],"name":"Cheesy Fries","quantity":1},{"amount":8000,"currency":"PHP","description":null,"images":[],"name":"Ranch Fries","quantity":1},{"amount":8000,"currency":"PHP","description":null,"images":[],"name":"Hot Fries","quantity":1},{"amount":9000,"currency":"PHP","description":null,"images":[],"name":"Spanish Bread","quantity":1},{"amount":10000,"currency":"PHP","description":null,"images":[],"name":"Shipping Fee","quantity":1}],"livemode":false,"merchant":"JOHN SAMUEL GALANG DIZON","paid_at":1776780016,"payments":[{"id":"pay_MgJvbqqju798kKuZThJD68Ya","type":"payment","attributes":{"access_url":null,"amount":51000,"balance_transaction_id":"bal_txn_eLeD6UNGpctbNGhWGbFJ2zGv","billing":{"address":{"city":null,"country":null,"line1":null,"line2":null,"postal_code":null,"state":null},"email":"samgreen22diz@gmail.com","name":"John Samuel Dizon","phone":"09092034621"},"currency":"PHP","description":"KapeBara Guest Order","digital_withholding_vat_amount":0,"disputed":false,"external_reference_number":null,"fee":1275,"instant_settlement":null,"livemode":false,"net_amount":49725,"origin":"api","payment_intent_id":"pi_VaZEzRUnmUhKjcvZDEwUhfuK","payout":null,"source":{"id":"src_mAxgdPPYR98d74qD7FFPzaYm","type":"gcash","provider":{"id":null},"provider_id":null},"statement_descriptor":"JOHN SAMUEL GALANG DIZON","status":"paid","tax_amount":null,"metadata":null,"promotion":null,"refunds":[],"taxes":[],"available_at":1777021200,"created_at":1776780016,"credited_at":1777510800,"paid_at":1776780016,"updated_at":1776780016}}],"payment_intent":{"id":"pi_VaZEzRUnmUhKjcvZDEwUhfuK","type":"payment_intent","attributes":{"amount":51000,"capture_type":"automatic","client_key":"pi_VaZEzRUnmUhKjcvZDEwUhfuK_client_VdhfoBPdGEUHvmCKio4XtiY3","currency":"PHP","description":"KapeBara Guest Order","livemode":false,"original_amount":51000,"statement_descriptor":"JOHN SAMUEL GALANG DIZON","status":"succeeded","last_payment_error":null,"payment_method_allowed":["card","paymaya","gcash","dob"],"payments":[{"id":"pay_MgJvbqqju798kKuZThJD68Ya","type":"payment","attributes":{"access_url":null,"amount":51000,"balance_transaction_id":"bal_txn_eLeD6UNGpctbNGhWGbFJ2zGv","billing":{"address":{"city":null,"country":null,"line1":null,"line2":null,"postal_code":null,"state":null},"email":"samgreen22diz@gmail.com","name":"John Samuel Dizon","phone":"09092034621"},"currency":"PHP","description":"KapeBara Guest Order","digital_withholding_vat_amount":0,"disputed":false,"external_reference_number":null,"fee":1275,"instant_settlement":null,"livemode":false,"net_amount":49725,"origin":"api","payment_intent_id":"pi_VaZEzRUnmUhKjcvZDEwUhfuK","payout":null,"source":{"id":"src_mAxgdPPYR98d74qD7FFPzaYm","type":"gcash","provider":{"id":null},"provider_id":null},"statement_descriptor":"JOHN SAMUEL GALANG DIZON","status":"paid","tax_amount":null,"metadata":null,"promotion":null,"refunds":[],"taxes":[],"available_at":1777021200,"created_at":1776780016,"credited_at":1777510800,"paid_at":1776780016,"updated_at":1776780016}}],"next_action":null,"payment_method_options":{"card":{"request_three_d_secure":"any"}},"metadata":null,"setup_future_usage":null,"created_at":1776779994,"updated_at":1776780016}},"payment_method_types":[],"payment_method_used":"gcash","reference_number":null,"send_email_receipt":false,"show_description":true,"show_line_items":true,"status":"active","success_url":"http://localhost/WST/Main/success.html","created_at":1776779994,"updated_at":1776780012,"metadata":null}},"previous_data":{},"pending_webhooks":1,"created_at":1776780018,"updated_at":1776780018}}}
[2026-04-21 16:09:27] DB connected successfully
[2026-04-21 16:09:27] Event type: checkout_session.payment.paid
[2026-04-21 16:09:27] Session ID: cs_ec327461cd346c9094365964
[2026-04-21 16:09:27] Pending order found: YES
[2026-04-21 16:09:27] User ID:  | Order total: 510.00
[2026-04-21 16:18:02] === WEBHOOK HIT ===
[2026-04-21 16:18:02] Raw payload: {"data":{"id":"evt_CnQ3dpMJDrhQ8sfLfdFQ6WaB","type":"event","attributes":{"type":"checkout_session.payment.paid","livemode":false,"data":{"id":"cs_ec327461cd346c9094365964","type":"checkout_session","attributes":{"billing":{"address":{"city":null,"country":null,"line1":null,"line2":null,"postal_code":null,"state":null},"email":null,"name":null,"phone":null},"billing_information_fields_editable":"enabled","cancel_url":"http://localhost/WST/Main/CART.html","checkout_url":"https://checkout.paymongo.com/cs_ec327461cd346c9094365964_client_144343f98ff62b96a05b947c#cGtfdGVzdF8zR3VmYkxEckdkNllFbW45V1lZM2tjTTY=","client_key":"cs_ec327461cd346c9094365964_client_144343f98ff62b96a05b947c","customer_email":null,"customer_id":null,"description":"KapeBara Guest Order","line_items":[{"amount":8000,"currency":"PHP","description":null,"images":[],"name":"Cinnamon Fries","quantity":1},{"amount":8000,"currency":"PHP","description":null,"images":[],"name":"Cheesy Fries","quantity":1},{"amount":8000,"currency":"PHP","description":null,"images":[],"name":"Ranch Fries","quantity":1},{"amount":8000,"currency":"PHP","description":null,"images":[],"name":"Hot Fries","quantity":1},{"amount":9000,"currency":"PHP","description":null,"images":[],"name":"Spanish Bread","quantity":1},{"amount":10000,"currency":"PHP","description":null,"images":[],"name":"Shipping Fee","quantity":1}],"livemode":false,"merchant":"JOHN SAMUEL GALANG DIZON","paid_at":1776780016,"payments":[{"id":"pay_MgJvbqqju798kKuZThJD68Ya","type":"payment","attributes":{"access_url":null,"amount":51000,"balance_transaction_id":"bal_txn_eLeD6UNGpctbNGhWGbFJ2zGv","billing":{"address":{"city":null,"country":null,"line1":null,"line2":null,"postal_code":null,"state":null},"email":"samgreen22diz@gmail.com","name":"John Samuel Dizon","phone":"09092034621"},"currency":"PHP","description":"KapeBara Guest Order","digital_withholding_vat_amount":0,"disputed":false,"external_reference_number":null,"fee":1275,"instant_settlement":null,"livemode":false,"net_amount":49725,"origin":"api","payment_intent_id":"pi_VaZEzRUnmUhKjcvZDEwUhfuK","payout":null,"source":{"id":"src_mAxgdPPYR98d74qD7FFPzaYm","type":"gcash","provider":{"id":null},"provider_id":null},"statement_descriptor":"JOHN SAMUEL GALANG DIZON","status":"paid","tax_amount":null,"metadata":null,"promotion":null,"refunds":[],"taxes":[],"available_at":1777021200,"created_at":1776780016,"credited_at":1777510800,"paid_at":1776780016,"updated_at":1776780016}}],"payment_intent":{"id":"pi_VaZEzRUnmUhKjcvZDEwUhfuK","type":"payment_intent","attributes":{"amount":51000,"capture_type":"automatic","client_key":"pi_VaZEzRUnmUhKjcvZDEwUhfuK_client_VdhfoBPdGEUHvmCKio4XtiY3","currency":"PHP","description":"KapeBara Guest Order","livemode":false,"original_amount":51000,"statement_descriptor":"JOHN SAMUEL GALANG DIZON","status":"succeeded","last_payment_error":null,"payment_method_allowed":["card","paymaya","gcash","dob"],"payments":[{"id":"pay_MgJvbqqju798kKuZThJD68Ya","type":"payment","attributes":{"access_url":null,"amount":51000,"balance_transaction_id":"bal_txn_eLeD6UNGpctbNGhWGbFJ2zGv","billing":{"address":{"city":null,"country":null,"line1":null,"line2":null,"postal_code":null,"state":null},"email":"samgreen22diz@gmail.com","name":"John Samuel Dizon","phone":"09092034621"},"currency":"PHP","description":"KapeBara Guest Order","digital_withholding_vat_amount":0,"disputed":false,"external_reference_number":null,"fee":1275,"instant_settlement":null,"livemode":false,"net_amount":49725,"origin":"api","payment_intent_id":"pi_VaZEzRUnmUhKjcvZDEwUhfuK","payout":null,"source":{"id":"src_mAxgdPPYR98d74qD7FFPzaYm","type":"gcash","provider":{"id":null},"provider_id":null},"statement_descriptor":"JOHN SAMUEL GALANG DIZON","status":"paid","tax_amount":null,"metadata":null,"promotion":null,"refunds":[],"taxes":[],"available_at":1777021200,"created_at":1776780016,"credited_at":1777510800,"paid_at":1776780016,"updated_at":1776780016}}],"next_action":null,"payment_method_options":{"card":{"request_three_d_secure":"any"}},"metadata":null,"setup_future_usage":null,"created_at":1776779994,"updated_at":1776780016}},"payment_method_types":[],"payment_method_used":"gcash","reference_number":null,"send_email_receipt":false,"show_description":true,"show_line_items":true,"status":"active","success_url":"http://localhost/WST/Main/success.html","created_at":1776779994,"updated_at":1776780012,"metadata":null}},"previous_data":{},"pending_webhooks":1,"created_at":1776780018,"updated_at":1776780018}}}
[2026-04-21 16:18:02] DB connected successfully
[2026-04-21 16:18:02] Event type: checkout_session.payment.paid
[2026-04-21 16:18:02] Session ID: cs_ec327461cd346c9094365964
[2026-04-21 16:18:02] Pending order found: YES
[2026-04-21 16:18:02] User ID:  | Order total: 510.00
[2026-04-21 16:35:12] === WEBHOOK HIT ===
[2026-04-21 16:35:12] Raw payload: {"data":{"id":"evt_CnQ3dpMJDrhQ8sfLfdFQ6WaB","type":"event","attributes":{"type":"checkout_session.payment.paid","livemode":false,"data":{"id":"cs_ec327461cd346c9094365964","type":"checkout_session","attributes":{"billing":{"address":{"city":null,"country":null,"line1":null,"line2":null,"postal_code":null,"state":null},"email":null,"name":null,"phone":null},"billing_information_fields_editable":"enabled","cancel_url":"http://localhost/WST/Main/CART.html","checkout_url":"https://checkout.paymongo.com/cs_ec327461cd346c9094365964_client_144343f98ff62b96a05b947c#cGtfdGVzdF8zR3VmYkxEckdkNllFbW45V1lZM2tjTTY=","client_key":"cs_ec327461cd346c9094365964_client_144343f98ff62b96a05b947c","customer_email":null,"customer_id":null,"description":"KapeBara Guest Order","line_items":[{"amount":8000,"currency":"PHP","description":null,"images":[],"name":"Cinnamon Fries","quantity":1},{"amount":8000,"currency":"PHP","description":null,"images":[],"name":"Cheesy Fries","quantity":1},{"amount":8000,"currency":"PHP","description":null,"images":[],"name":"Ranch Fries","quantity":1},{"amount":8000,"currency":"PHP","description":null,"images":[],"name":"Hot Fries","quantity":1},{"amount":9000,"currency":"PHP","description":null,"images":[],"name":"Spanish Bread","quantity":1},{"amount":10000,"currency":"PHP","description":null,"images":[],"name":"Shipping Fee","quantity":1}],"livemode":false,"merchant":"JOHN SAMUEL GALANG DIZON","paid_at":1776780016,"payments":[{"id":"pay_MgJvbqqju798kKuZThJD68Ya","type":"payment","attributes":{"access_url":null,"amount":51000,"balance_transaction_id":"bal_txn_eLeD6UNGpctbNGhWGbFJ2zGv","billing":{"address":{"city":null,"country":null,"line1":null,"line2":null,"postal_code":null,"state":null},"email":"samgreen22diz@gmail.com","name":"John Samuel Dizon","phone":"09092034621"},"currency":"PHP","description":"KapeBara Guest Order","digital_withholding_vat_amount":0,"disputed":false,"external_reference_number":null,"fee":1275,"instant_settlement":null,"livemode":false,"net_amount":49725,"origin":"api","payment_intent_id":"pi_VaZEzRUnmUhKjcvZDEwUhfuK","payout":null,"source":{"id":"src_mAxgdPPYR98d74qD7FFPzaYm","type":"gcash","provider":{"id":null},"provider_id":null},"statement_descriptor":"JOHN SAMUEL GALANG DIZON","status":"paid","tax_amount":null,"metadata":null,"promotion":null,"refunds":[],"taxes":[],"available_at":1777021200,"created_at":1776780016,"credited_at":1777510800,"paid_at":1776780016,"updated_at":1776780016}}],"payment_intent":{"id":"pi_VaZEzRUnmUhKjcvZDEwUhfuK","type":"payment_intent","attributes":{"amount":51000,"capture_type":"automatic","client_key":"pi_VaZEzRUnmUhKjcvZDEwUhfuK_client_VdhfoBPdGEUHvmCKio4XtiY3","currency":"PHP","description":"KapeBara Guest Order","livemode":false,"original_amount":51000,"statement_descriptor":"JOHN SAMUEL GALANG DIZON","status":"succeeded","last_payment_error":null,"payment_method_allowed":["card","paymaya","gcash","dob"],"payments":[{"id":"pay_MgJvbqqju798kKuZThJD68Ya","type":"payment","attributes":{"access_url":null,"amount":51000,"balance_transaction_id":"bal_txn_eLeD6UNGpctbNGhWGbFJ2zGv","billing":{"address":{"city":null,"country":null,"line1":null,"line2":null,"postal_code":null,"state":null},"email":"samgreen22diz@gmail.com","name":"John Samuel Dizon","phone":"09092034621"},"currency":"PHP","description":"KapeBara Guest Order","digital_withholding_vat_amount":0,"disputed":false,"external_reference_number":null,"fee":1275,"instant_settlement":null,"livemode":false,"net_amount":49725,"origin":"api","payment_intent_id":"pi_VaZEzRUnmUhKjcvZDEwUhfuK","payout":null,"source":{"id":"src_mAxgdPPYR98d74qD7FFPzaYm","type":"gcash","provider":{"id":null},"provider_id":null},"statement_descriptor":"JOHN SAMUEL GALANG DIZON","status":"paid","tax_amount":null,"metadata":null,"promotion":null,"refunds":[],"taxes":[],"available_at":1777021200,"created_at":1776780016,"credited_at":1777510800,"paid_at":1776780016,"updated_at":1776780016}}],"next_action":null,"payment_method_options":{"card":{"request_three_d_secure":"any"}},"metadata":null,"setup_future_usage":null,"created_at":1776779994,"updated_at":1776780016}},"payment_method_types":[],"payment_method_used":"gcash","reference_number":null,"send_email_receipt":false,"show_description":true,"show_line_items":true,"status":"active","success_url":"http://localhost/WST/Main/success.html","created_at":1776779994,"updated_at":1776780012,"metadata":null}},"previous_data":{},"pending_webhooks":1,"created_at":1776780018,"updated_at":1776780018}}}
[2026-04-21 16:35:12] DB connected successfully
[2026-04-21 16:35:12] Event type: checkout_session.payment.paid
[2026-04-21 16:35:12] Session ID: cs_ec327461cd346c9094365964
[2026-04-21 16:35:12] Pending order found: YES
[2026-04-21 16:35:12] User ID:  | Order total: 510.00
